時間,心律不整
2024/5/20 23:03,x
2024/5/20 23:15,x
2024/5/20 23:16,x
2024/5/20 23:30,x
2024/5/20 23:31,x
2024/5/20 23:45,x
2024/5/20 23:46,x
2024/5/21 00:00,x
2024/5/21 00:01,x
2024/5/21 00:15,x
2024/5/21 00:16,x
2024/5/21 00:30,x
2024/5/21 00:31,x
2024/5/21 00:45,x
2024/5/21 00:46,x
2024/5/21 01:00,x
2024/5/21 01:01,v
2024/5/21 01:03,x
2024/5/21 01:15,x
2024/5/21 01:16,x
2024/5/21 01:30,x
2024/5/21 01:31,x
2024/5/21 01:33,x
2024/5/21 01:45,x
2024/5/21 01:46,x
2024/5/21 02:00,x
2024/5/21 02:01,x
2024/5/21 02:03,x
2024/5/21 02:15,x
2024/5/21 02:16,x
2024/5/21 02:30,x
2024/5/21 02:31,x
2024/5/21 02:33,x
2024/5/21 02:45,x
2024/5/21 02:46,x
2024/5/21 03:00,x
2024/5/21 03:01,x
2024/5/21 03:03,x
2024/5/21 03:15,x
2024/5/21 03:16,x
2024/5/21 03:30,x
2024/5/21 03:31,x
2024/5/21 03:33,x
2024/5/21 03:45,x
2024/5/21 03:46,x
2024/5/21 04:00,x
2024/5/21 04:01,x
2024/5/21 04:03,x
2024/5/21 04:15,x
2024/5/21 04:16,x
2024/5/21 04:33,x
2024/5/21 04:45,x
2024/5/21 04:46,x
2024/5/21 05:00,x
2024/5/21 05:01,x
2024/5/21 05:03,x
2024/5/21 05:15,x
2024/5/21 05:16,x
2024/5/21 05:30,x
2024/5/21 05:31,x
2024/5/21 05:33,x
2024/5/21 05:45,x
2024/5/21 05:46,x
2024/5/21 06:00,x
2024/5/21 06:01,x
2024/5/21 06:03,x
2024/5/21 06:15,x
2024/5/21 06:16,x
2024/5/21 06:30,x
2024/5/21 06:31,x
2024/5/21 06:33,x
2024/5/21 06:45,x
2024/5/21 06:46,x
2024/5/21 07:00,x
2024/5/21 07:01,x
2024/5/21 07:15,x
2024/5/21 07:16,x
2024/5/21 07:27,x
2024/5/21 07:30,x
2024/5/21 07:31,x
2024/5/21 07:33,x
2024/5/21 08:00,x
2024/5/21 08:01,x
2024/5/21 08:15,x
2024/5/21 08:16,x
2024/5/21 08:30,x
2024/5/21 08:31,x
2024/5/21 08:45,x
2024/5/21 08:46,x
2024/5/21 09:00,x
2024/5/21 09:01,x
2024/5/21 09:30,x
2024/5/21 09:31,x
2024/5/21 09:45,x
2024/5/21 09:46,x
2024/5/21 10:00,x
2024/5/21 10:01,x
2024/5/21 10:15,x
2024/5/21 10:16,x
2024/5/21 10:30,x
2024/5/21 10:31,x
2024/5/21 10:45,x
2024/5/21 10:46,x
2024/5/21 11:00,x
2024/5/21 11:01,x
2024/5/21 11:16,x
2024/5/21 11:30,x
2024/5/21 11:31,x
2024/5/21 11:46,x
2024/5/21 12:00,x
2024/5/21 12:01,x
2024/5/21 12:15,x
2024/5/21 12:16,x
2024/5/21 12:30,x
2024/5/21 12:31,x
2024/5/21 12:33,x
2024/5/21 12:45,x
2024/5/21 12:46,x
2024/5/21 12:56,x
2024/5/21 12:57,x
2024/5/21 13:00,x
2024/5/21 13:01,x
2024/5/21 13:15,x
2024/5/21 13:16,x
2024/5/21 13:17,x
2024/5/21 13:29,x
2024/5/21 13:30,x
2024/5/21 13:45,x
2024/5/21 13:46,x
2024/5/21 14:30,x
2024/5/21 14:31,x
2024/5/21 14:45,x
2024/5/21 14:46,x
2024/5/21 15:30,x
2024/5/21 15:31,x
2024/5/21 16:00,x
2024/5/21 16:01,x
2024/5/21 16:12,x
2024/5/21 16:13,x
2024/5/21 16:15,x
2024/5/21 16:16,x
2024/5/21 16:21,x
2024/5/21 16:30,x
2024/5/21 16:31,x
2024/5/21 16:32,x
2024/5/21 16:33,x
2024/5/21 16:45,x
2024/5/21 16:46,x
2024/5/21 17:00,x
2024/5/21 17:01,x
2024/5/21 17:14,x
2024/5/21 17:15,x
2024/5/21 17:30,x
2024/5/21 17:31,x
2024/5/21 17:46,v
2024/5/21 18:00,x
2024/5/21 18:01,x
2024/5/21 18:15,x
2024/5/21 18:16,x
2024/5/21 18:30,x
2024/5/21 18:31,x
2024/5/21 18:44,x
2024/5/21 18:45,x
2024/5/21 18:48,x
2024/5/21 18:49,x
2024/5/21 18:50,x
2024/5/21 19:00,x
2024/5/21 19:01,x
2024/5/21 19:15,x
2024/5/21 19:16,x
2024/5/21 19:30,x
2024/5/21 19:31,x
2024/5/21 19:45,x
2024/5/21 19:46,x
2024/5/21 20:00,x
2024/5/21 20:01,x
2024/5/21 22:00,x
2024/5/21 22:01,x
2024/5/21 22:15,x
2024/5/21 22:16,x
2024/5/21 22:30,x
2024/5/21 22:31,x
2024/5/21 22:45,x
2024/5/21 22:46,x
2024/5/21 22:48,x
2024/5/21 22:49,x
2024/5/21 22:52,x
2024/5/21 23:00,x
2024/5/21 23:01,x
2024/5/21 23:15,x
2024/5/21 23:16,x
2024/5/21 23:30,x
2024/5/21 23:31,x
2024/5/21 23:33,x
2024/5/21 23:45,x
2024/5/21 23:46,x
2024/5/22 00:00,x
2024/5/22 00:01,x
2024/5/22 00:15,x
2024/5/22 00:30,x
2024/5/22 00:31,x
2024/5/22 00:33,x
2024/5/22 01:00,x
2024/5/22 01:01,x
2024/5/22 01:15,x
2024/5/22 01:31,x
2024/5/22 02:00,v
2024/5/22 02:01,x
2024/5/22 02:15,x
2024/5/22 02:16,x
2024/5/22 02:30,x
2024/5/22 02:31,x
2024/5/22 02:33,x
2024/5/22 02:45,x
2024/5/22 02:46,x
2024/5/22 03:00,x
2024/5/22 03:01,x
2024/5/22 03:03,x
2024/5/22 03:15,x
2024/5/22 03:16,x
2024/5/22 03:30,x
2024/5/22 03:31,x
2024/5/22 03:45,x
2024/5/22 03:46,x
2024/5/22 04:00,x
2024/5/22 04:01,x
2024/5/22 04:03,x
2024/5/22 04:15,x
2024/5/22 04:16,x
2024/5/22 04:21,x
2024/5/22 04:30,x
2024/5/22 04:31,x
2024/5/22 04:33,x
2024/5/22 04:45,x
2024/5/22 04:46,x
2024/5/22 05:00,x
2024/5/22 05:01,x
2024/5/22 05:03,x
2024/5/22 05:15,x
2024/5/22 05:16,x
2024/5/22 05:30,x
2024/5/22 05:31,x
2024/5/22 05:33,x
2024/5/22 05:45,x
2024/5/22 05:46,x
2024/5/22 06:00,x
2024/5/22 06:01,x
2024/5/22 06:03,x
2024/5/22 06:15,x
2024/5/22 06:16,x
2024/5/22 06:30,x
2024/5/22 06:31,x
2024/5/22 06:33,x
2024/5/22 06:45,x
2024/5/22 06:46,x
2024/5/22 07:00,x
2024/5/22 07:01,x
2024/5/22 07:03,x
2024/5/22 07:15,x
2024/5/22 07:16,x
2024/5/22 07:30,x
2024/5/22 07:31,x
2024/5/22 07:33,x
2024/5/22 07:45,x
2024/5/22 07:46,x
2024/5/22 07:53,x
2024/5/22 07:54,x
2024/5/22 08:00,x
2024/5/22 08:01,x
2024/5/22 08:03,x
2024/5/22 08:15,x
2024/5/22 08:16,x
2024/5/22 08:30,x
2024/5/22 08:31,x
2024/5/22 08:33,v
2024/5/22 08:45,x
2024/5/22 08:46,x
2024/5/22 09:00,x
2024/5/22 09:03,x
2024/5/22 09:15,x
2024/5/22 09:16,x
2024/5/22 09:19,x
2024/5/22 09:28,x
2024/5/22 09:30,x
2024/5/22 09:31,x
2024/5/22 09:33,x
2024/5/22 09:45,x
2024/5/22 09:46,x
2024/5/22 10:00,x
2024/5/22 10:01,x
2024/5/22 10:03,x
2024/5/22 10:15,x
2024/5/22 10:16,x
2024/5/22 10:30,x
2024/5/22 10:31,x
2024/5/22 10:33,x
2024/5/22 10:45,x
2024/5/22 10:46,x
2024/5/22 11:00,x
2024/5/22 11:01,x
2024/5/22 11:15,x
2024/5/22 11:16,x
2024/5/22 11:30,x
2024/5/22 11:31,x
2024/5/22 11:45,x
2024/5/22 11:46,x
2024/5/22 12:00,x
2024/5/22 12:01,x
2024/5/22 12:15,x
2024/5/22 12:16,x
2024/5/22 12:30,x
2024/5/22 12:31,x
2024/5/22 12:46,x
2024/5/22 13:00,x
2024/5/22 13:01,x
2024/5/22 13:15,x
2024/5/22 13:16,x
2024/5/22 13:33,x
2024/5/22 13:45,x
2024/5/22 13:46,x
2024/5/22 14:00,x
2024/5/22 14:01,x
2024/5/22 14:15,x
2024/5/22 14:16,x
2024/5/22 14:28,x
2024/5/22 14:29,x
2024/5/22 14:31,x
2024/5/22 14:45,x
2024/5/22 14:46,x
2024/5/22 15:00,x
2024/5/22 15:01,x
2024/5/22 15:16,x
2024/5/22 15:30,x
2024/5/22 15:31,x
2024/5/22 15:45,x
2024/5/22 15:46,x
2024/5/22 16:00,x
2024/5/22 16:01,x
2024/5/22 16:04,x
2024/5/22 16:05,x
2024/5/22 16:15,x
2024/5/22 16:16,x
2024/5/22 16:30,x
2024/5/22 16:31,x
2024/5/22 16:43,x
2024/5/22 16:45,x
2024/5/22 16:46,x
2024/5/22 16:58,x
2024/5/22 16:59,x
2024/5/22 17:15,x
2024/5/22 17:16,x
2024/5/22 17:31,x
2024/5/22 17:45,x
2024/5/22 17:46,x
2024/5/22 17:59,x
2024/5/22 18:00,x
2024/5/22 18:03,x
2024/5/22 18:23,x
2024/5/22 18:24,x
2024/5/22 18:45,x
2024/5/22 18:46,x
2024/5/22 18:54,v
2024/5/22 19:00,x
2024/5/22 19:01,x
2024/5/22 19:16,x
2024/5/22 19:30,x
2024/5/22 19:31,x
2024/5/22 19:46,x
2024/5/22 20:00,x
2024/5/22 20:01,v
2024/5/22 20:16,x
2024/5/22 20:36,x
2024/5/22 20:45,x
2024/5/22 20:46,x
2024/5/22 21:00,x
2024/5/22 21:01,x
2024/5/22 21:40,x
2024/5/22 21:41,x
2024/5/22 22:00,x
2024/5/22 22:01,x
2024/5/22 22:15,x
2024/5/22 22:16,x
2024/5/22 22:30,x
2024/5/22 22:31,x
2024/5/22 22:46,x
2024/5/22 23:00,x
2024/5/22 23:01,x
2024/5/22 23:15,x
2024/5/22 23:16,x
2024/5/22 23:45,x
2024/5/22 23:46,x
2024/5/23 00:00,x
2024/5/23 00:01,x
2024/5/23 00:16,x
2024/5/23 00:31,x
2024/5/23 00:45,x
2024/5/23 00:46,x
2024/5/23 01:00,x
2024/5/23 01:01,x
2024/5/23 01:08,x
2024/5/23 01:15,x
2024/5/23 01:16,v
2024/5/23 01:30,x
2024/5/23 01:31,x
2024/5/23 01:45,x
2024/5/23 01:46,x
2024/5/23 02:00,x
2024/5/23 02:01,x
2024/5/23 02:03,x
2024/5/23 02:15,x
2024/5/23 02:16,x
2024/5/23 02:33,x
2024/5/23 02:45,x
2024/5/23 02:46,x
2024/5/23 03:00,x
2024/5/23 03:01,x
2024/5/23 03:03,x
2024/5/23 03:15,x
2024/5/23 03:16,x
2024/5/23 03:30,x
2024/5/23 03:31,x
2024/5/23 03:33,x
2024/5/23 03:45,x
2024/5/23 03:46,x
2024/5/23 04:00,x
2024/5/23 04:01,x
2024/5/23 04:03,x
2024/5/23 04:15,x
2024/5/23 04:16,x
2024/5/23 04:30,x
2024/5/23 04:31,x
2024/5/23 04:33,x
2024/5/23 04:45,x
2024/5/23 04:46,x
2024/5/23 05:00,x
2024/5/23 05:01,x
2024/5/23 05:03,x
2024/5/23 05:15,x
2024/5/23 05:16,x
2024/5/23 05:30,x
2024/5/23 05:31,x
2024/5/23 05:33,x
2024/5/23 05:45,x
2024/5/23 05:46,x
2024/5/23 06:00,x
2024/5/23 06:01,x
2024/5/23 06:03,x
2024/5/23 06:15,x
2024/5/23 06:16,x
2024/5/23 06:30,x
2024/5/23 06:31,x
2024/5/23 06:33,x
2024/5/23 06:45,x
2024/5/23 06:46,x
2024/5/23 07:00,x
2024/5/23 07:01,x
2024/5/23 07:03,x
2024/5/23 07:15,x
2024/5/23 07:16,x
2024/5/23 07:30,x
2024/5/23 07:31,x
2024/5/23 07:33,x
2024/5/23 07:45,x
2024/5/23 07:46,x
2024/5/23 08:00,x
2024/5/23 08:01,x
2024/5/23 08:16,x
2024/5/23 08:30,x
2024/5/23 08:31,x
2024/5/23 08:33,x
2024/5/23 08:45,x
2024/5/23 08:46,x
2024/5/23 09:00,x
2024/5/23 09:01,x
2024/5/23 09:08,x
2024/5/23 09:15,x
2024/5/23 09:16,x
2024/5/23 09:30,x
2024/5/23 09:31,x
2024/5/23 09:33,x
2024/5/23 09:45,x
2024/5/23 09:46,x
2024/5/23 10:00,x
2024/5/23 10:01,x
2024/5/23 10:03,x
2024/5/23 10:15,x
2024/5/23 10:16,x
2024/5/23 10:30,x
2024/5/23 10:31,x
2024/5/23 10:33,x
2024/5/23 10:34,x
2024/5/23 10:45,x
2024/5/23 10:46,x
2024/5/23 10:48,v
2024/5/23 11:00,x
2024/5/23 11:01,x
2024/5/23 11:06,x
2024/5/23 11:30,x
2024/5/23 11:31,v
2024/5/23 11:45,x
2024/5/23 11:46,x
2024/5/23 12:00,x
2024/5/23 12:01,x
2024/5/23 12:15,x
2024/5/23 12:16,x
2024/5/23 12:31,x
2024/5/23 12:45,x
2024/5/23 12:46,x
2024/5/23 13:00,x
2024/5/23 13:01,x
2024/5/23 13:15,x
2024/5/23 13:16,x
2024/5/23 13:45,x
2024/5/23 13:46,x
2024/5/23 14:00,x
2024/5/23 14:01,x
2024/5/23 14:04,x
2024/5/23 14:05,x
2024/5/23 14:15,x
2024/5/23 14:16,x
2024/5/23 14:30,x
2024/5/23 14:31,x
2024/5/23 14:45,x
2024/5/23 14:46,x
2024/5/23 15:01,x
2024/5/23 15:15,x
2024/5/23 15:16,x
2024/5/23 15:45,x
2024/5/23 15:46,x
2024/5/23 16:00,x
2024/5/23 16:01,x
2024/5/23 16:03,x
2024/5/23 16:04,x
2024/5/23 16:16,x
2024/5/23 16:30,x
2024/5/23 16:31,x
2024/5/23 17:00,x
2024/5/23 17:01,x
2024/5/23 17:15,x
2024/5/23 17:16,x
2024/5/23 17:30,x
2024/5/23 17:31,x
2024/5/23 17:45,x
2024/5/23 17:46,x
2024/5/23 17:53,x
2024/5/23 17:54,x
2024/5/23 17:55,x
2024/5/23 17:59,x
2024/5/23 18:00,x
2024/5/23 18:30,x
2024/5/23 18:31,x
2024/5/23 18:46,x
2024/5/23 18:57,x
2024/5/23 18:58,x
2024/5/23 19:00,x
2024/5/23 19:01,x
2024/5/23 19:15,x
2024/5/23 19:16,x
2024/5/23 19:46,x
2024/5/23 19:49,x
2024/5/23 19:50,x
2024/5/23 20:00,x
2024/5/23 20:01,x
2024/5/23 20:15,x
2024/5/23 20:16,x
2024/5/23 20:31,x
2024/5/23 21:06,x
2024/5/23 21:07,x
2024/5/23 21:15,x
2024/5/23 21:16,x
2024/5/23 21:30,x
2024/5/23 21:31,x
2024/5/23 21:45,x
2024/5/23 21:46,v
2024/5/23 22:15,x
2024/5/23 22:16,x
2024/5/23 22:23,x
2024/5/23 22:30,x
2024/5/23 22:31,x
2024/5/23 22:45,v
2024/5/23 22:46,x
2024/5/23 23:00,x
2024/5/23 23:01,x
2024/5/23 23:15,x
2024/5/23 23:16,x
2024/5/23 23:30,x
2024/5/23 23:31,x
2024/5/23 23:46,x
2024/5/24 00:00,x
2024/5/24 00:01,x
2024/5/24 00:15,x
2024/5/24 00:16,x
2024/5/24 00:30,x
2024/5/24 00:31,x
2024/5/24 00:33,x
2024/5/24 00:45,x
2024/5/24 00:46,x
2024/5/24 01:00,x
2024/5/24 01:01,x
2024/5/24 01:12,x
2024/5/24 01:15,x
2024/5/24 01:16,x
2024/5/24 01:33,x
2024/5/24 01:45,x
2024/5/24 01:46,x
2024/5/24 02:00,x
2024/5/24 02:15,x
2024/5/24 02:16,x
2024/5/24 02:30,x
2024/5/24 02:31,x
2024/5/24 02:33,x
2024/5/24 02:45,x
2024/5/24 02:46,x
2024/5/24 03:00,x
2024/5/24 03:01,x
2024/5/24 03:03,x
2024/5/24 03:15,x
2024/5/24 03:16,x
2024/5/24 03:30,x
2024/5/24 03:31,x
2024/5/24 03:33,x
2024/5/24 03:45,x
2024/5/24 03:46,x
2024/5/24 04:03,x
2024/5/24 04:30,x
2024/5/24 04:31,x
2024/5/24 04:33,x
2024/5/24 04:45,x
2024/5/24 04:46,x
2024/5/24 05:00,x
2024/5/24 05:01,x
2024/5/24 05:03,x
2024/5/24 05:15,x
2024/5/24 05:16,x
2024/5/24 05:30,x
2024/5/24 05:31,x
2024/5/24 05:33,x
2024/5/24 05:45,x
2024/5/24 05:46,x
2024/5/24 06:00,x
2024/5/24 06:01,v
2024/5/24 06:03,x
2024/5/24 06:15,x
2024/5/24 06:16,x
2024/5/24 06:30,x
2024/5/24 06:31,x
2024/5/24 06:33,x
2024/5/24 06:45,x
2024/5/24 06:46,x
2024/5/24 07:00,x
2024/5/24 07:01,x
2024/5/24 07:03,x
2024/5/24 07:15,x
2024/5/24 07:16,x
2024/5/24 07:30,x
2024/5/24 07:31,x
2024/5/24 07:33,x
2024/5/24 07:45,x
2024/5/24 07:46,x
2024/5/24 08:03,x
2024/5/24 08:15,x
2024/5/24 08:16,x
2024/5/24 08:30,x
2024/5/24 08:31,x
2024/5/24 08:33,x
2024/5/24 09:00,x
2024/5/24 09:01,x
2024/5/24 09:15,x
2024/5/24 09:16,x
2024/5/24 09:17,x
2024/5/24 09:30,x
2024/5/24 09:31,x
2024/5/24 09:45,x
2024/5/24 09:46,x
2024/5/24 10:00,x
2024/5/24 10:01,x
2024/5/24 10:15,x
2024/5/24 10:16,x
2024/5/24 10:30,x
2024/5/24 10:31,x
2024/5/24 10:45,x
2024/5/24 10:46,x
2024/5/24 11:00,x
2024/5/24 11:01,x
2024/5/24 11:15,x
2024/5/24 11:16,x
2024/5/24 11:30,x
2024/5/24 11:31,x
2024/5/24 11:45,x
2024/5/24 11:46,x
2024/5/24 12:05,x
2024/5/24 12:06,x
2024/5/24 12:16,x
2024/5/24 12:24,x
2024/5/24 12:25,x
2024/5/24 12:30,x
2024/5/24 12:31,x
2024/5/24 12:45,x
2024/5/24 12:46,x
2024/5/24 13:00,x
2024/5/24 13:01,x
2024/5/24 13:15,x
2024/5/24 13:16,x
2024/5/24 13:17,x
2024/5/24 13:18,x
2024/5/24 13:30,x
2024/5/24 13:31,x
2024/5/24 13:46,x
2024/5/24 14:15,x
2024/5/24 14:16,x
2024/5/24 14:17,x
2024/5/24 14:30,x
2024/5/24 14:31,x
2024/5/24 14:33,x
2024/5/24 14:39,x
2024/5/24 14:40,x
2024/5/24 14:45,x
2024/5/24 14:46,x
2024/5/24 15:00,x
2024/5/24 15:01,x
2024/5/24 15:11,x
2024/5/24 15:12,x
2024/5/24 15:16,x
2024/5/24 15:19,x
2024/5/24 15:21,x
2024/5/24 15:22,x
2024/5/24 15:30,x
2024/5/24 15:31,x
2024/5/24 15:44,x
2024/5/24 15:45,x
2024/5/24 16:00,x
2024/5/24 16:01,x
2024/5/24 16:15,x
2024/5/24 16:16,x
2024/5/24 16:30,x
2024/5/24 16:31,x
2024/5/24 16:45,v
2024/5/24 16:46,x
2024/5/24 17:00,x
2024/5/24 17:01,x
2024/5/24 17:03,x
2024/5/24 17:30,x
2024/5/24 17:31,x
2024/5/24 18:00,x
2024/5/24 18:01,x
2024/5/24 18:15,x
2024/5/24 18:16,x
2024/5/24 18:45,x
2024/5/24 18:46,x
2024/5/24 19:00,x
2024/5/24 19:01,x
2024/5/24 19:16,x
2024/5/24 19:17,x
2024/5/24 19:30,x
2024/5/24 19:31,x
2024/5/24 19:45,x
2024/5/24 19:46,x
2024/5/24 20:01,x
2024/5/24 20:02,x
2024/5/24 20:30,x
2024/5/24 20:31,x
2024/5/24 20:45,x
2024/5/24 20:46,x
2024/5/24 21:00,x
2024/5/24 21:01,x
2024/5/24 21:15,x
2024/5/24 21:16,x
2024/5/24 21:30,x
2024/5/24 21:31,x
2024/5/24 21:33,x
2024/5/24 21:35,x
2024/5/24 21:36,x
2024/5/24 21:37,x
2024/5/24 21:46,x
2024/5/24 22:00,x
2024/5/24 22:01,x
2024/5/24 22:16,x
2024/5/24 23:30,x
2024/5/24 23:31,x
2024/5/25 00:00,x
2024/5/25 00:01,x
2024/5/25 00:15,x
2024/5/25 00:16,x
2024/5/25 00:30,x
2024/5/25 00:31,x
2024/5/25 00:33,x
2024/5/25 00:45,x
2024/5/25 00:46,x
2024/5/25 01:00,x
2024/5/25 01:01,x
2024/5/25 01:11,x
2024/5/25 01:12,x
2024/5/25 01:16,x
2024/5/25 02:00,x
2024/5/25 02:01,x
2024/5/25 02:03,x
2024/5/25 02:15,x
2024/5/25 02:16,x
2024/5/25 02:30,x
2024/5/25 02:31,x
2024/5/25 02:33,x
2024/5/25 02:45,x
2024/5/25 02:46,x
2024/5/25 03:00,x
2024/5/25 03:01,x
2024/5/25 03:03,x
2024/5/25 03:15,x
2024/5/25 03:16,x
2024/5/25 03:30,x
2024/5/25 03:31,x
2024/5/25 03:38,x
2024/5/25 03:45,x
2024/5/25 03:46,x
2024/5/25 04:00,x
2024/5/25 04:01,x
2024/5/25 04:03,x
2024/5/25 04:15,x
2024/5/25 04:16,x
2024/5/25 04:30,x
2024/5/25 04:31,x
2024/5/25 04:33,x
2024/5/25 04:45,x
2024/5/25 04:46,x
2024/5/25 05:00,x
2024/5/25 05:01,x
2024/5/25 05:03,x
2024/5/25 05:15,x
2024/5/25 05:16,x
2024/5/25 05:30,x
2024/5/25 05:31,x
2024/5/25 05:33,v
2024/5/25 05:45,x
2024/5/25 05:46,x
2024/5/25 06:00,x
2024/5/25 06:01,x
2024/5/25 06:03,x
2024/5/25 06:30,x
2024/5/25 06:31,x
2024/5/25 06:33,x
2024/5/25 06:45,x
2024/5/25 06:46,x
2024/5/25 07:00,x
2024/5/25 07:01,x
2024/5/25 07:03,x
2024/5/25 07:15,x
2024/5/25 07:16,x
2024/5/25 07:30,x
2024/5/25 07:31,x
2024/5/25 07:33,x
2024/5/25 07:45,x
2024/5/25 07:46,x
2024/5/25 08:00,x
2024/5/25 08:01,x
2024/5/25 08:03,x
2024/5/25 08:15,x
2024/5/25 08:16,x
2024/5/25 08:30,x
2024/5/25 08:31,x
2024/5/25 08:45,x
2024/5/25 08:46,x
2024/5/25 09:00,x
2024/5/25 09:01,x
2024/5/25 09:03,x
2024/5/25 09:15,x
2024/5/25 09:16,x
2024/5/25 09:30,v
2024/5/25 09:31,x
2024/5/25 09:33,x
2024/5/25 09:45,x
2024/5/25 09:46,x
2024/5/25 10:00,x
2024/5/25 10:01,x
2024/5/25 10:03,x
2024/5/25 10:15,x
2024/5/25 10:16,x
2024/5/25 10:30,x
2024/5/25 10:31,x
2024/5/25 10:33,x
2024/5/25 10:45,x
2024/5/25 10:46,x
2024/5/25 11:00,x
2024/5/25 11:01,v
2024/5/25 11:03,x
2024/5/25 11:15,x
2024/5/25 11:16,x
2024/5/25 11:30,x
2024/5/25 11:31,x
2024/5/25 11:33,x
2024/5/25 11:45,x
2024/5/25 11:46,x
2024/5/25 12:00,x
2024/5/25 12:01,x
2024/5/25 12:03,x
2024/5/25 12:05,x
2024/5/25 12:06,x
2024/5/25 12:16,x
2024/5/25 12:30,x
2024/5/25 12:31,x
2024/5/25 12:33,x
2024/5/25 12:45,x
2024/5/25 12:46,x
2024/5/25 13:00,x
2024/5/25 13:01,x
2024/5/25 13:15,x
2024/5/25 13:16,x
2024/5/25 13:31,x
2024/5/25 13:46,x
2024/5/25 14:00,x
2024/5/25 14:01,x
2024/5/25 14:30,x
2024/5/25 14:31,x
2024/5/25 14:45,x
2024/5/25 14:46,x
2024/5/25 15:00,x
2024/5/25 15:01,x
2024/5/25 15:15,x
2024/5/25 15:16,x
2024/5/25 15:30,x
2024/5/25 15:31,x
2024/5/25 15:45,x
2024/5/25 15:46,x
2024/5/25 16:00,v
2024/5/25 16:01,x
2024/5/25 16:16,x
2024/5/25 16:30,x
2024/5/25 16:31,x
2024/5/25 16:45,x
2024/5/25 16:46,x
2024/5/25 17:00,x
2024/5/25 17:01,x
2024/5/25 17:16,x
2024/5/25 17:31,x
2024/5/25 17:41,x
2024/5/25 17:45,x
2024/5/25 17:46,x
2024/5/25 18:00,x
2024/5/25 18:01,x
2024/5/25 18:15,x
2024/5/25 18:16,x
2024/5/25 18:30,x
2024/5/25 18:31,x
2024/5/25 18:45,x
2024/5/25 18:46,x
2024/5/25 19:00,x
2024/5/25 19:01,x
2024/5/25 19:15,x
2024/5/25 19:16,x
2024/5/25 19:19,x
2024/5/25 19:20,x
2024/5/25 19:30,x
2024/5/25 19:31,x
2024/5/25 19:45,x
2024/5/25 19:46,x
2024/5/25 20:01,x
2024/5/25 20:15,x
2024/5/25 20:16,x
2024/5/25 20:30,x
2024/5/25 20:31,x
2024/5/25 20:45,v
2024/5/25 20:46,x
2024/5/25 21:00,x
2024/5/25 21:01,x
2024/5/25 22:15,x
2024/5/25 22:16,x
2024/5/25 22:30,x
2024/5/25 22:31,x
2024/5/25 22:45,x
2024/5/25 22:46,x
2024/5/25 23:00,x
2024/5/25 23:01,x
2024/5/25 23:02,x
2024/5/25 23:15,x
2024/5/25 23:16,x
2024/5/25 23:45,x
2024/5/25 23:46,x
2024/5/26 00:15,x
2024/5/26 00:16,x
2024/5/26 00:30,x
2024/5/26 00:31,x
2024/5/26 00:33,x
2024/5/26 00:46,x
2024/5/26 01:00,x
2024/5/26 01:01,x
2024/5/26 01:03,x
2024/5/26 01:15,x
2024/5/26 01:16,x
2024/5/26 01:30,x
2024/5/26 01:31,x
2024/5/26 01:33,x
2024/5/26 01:45,x
2024/5/26 01:46,x
2024/5/26 02:00,x
2024/5/26 02:01,x
2024/5/26 02:03,x
2024/5/26 02:15,x
2024/5/26 02:16,x
2024/5/26 02:30,x
2024/5/26 02:31,x
2024/5/26 02:33,x
2024/5/26 02:45,x
2024/5/26 02:46,x
2024/5/26 03:00,x
2024/5/26 03:01,x
2024/5/26 03:03,x
2024/5/26 03:15,x
2024/5/26 03:16,x
2024/5/26 03:30,x
2024/5/26 03:31,x
2024/5/26 03:33,x
2024/5/26 03:45,x
2024/5/26 03:46,x
2024/5/26 04:00,x
2024/5/26 04:01,x
2024/5/26 04:03,x
2024/5/26 04:15,x
2024/5/26 04:16,x
2024/5/26 04:30,x
2024/5/26 04:31,x
2024/5/26 04:33,x
2024/5/26 04:45,x
2024/5/26 04:46,x
2024/5/26 05:00,x
2024/5/26 05:01,x
2024/5/26 05:03,x
2024/5/26 05:15,x
2024/5/26 05:16,x
2024/5/26 05:30,x
2024/5/26 05:31,x
2024/5/26 05:45,x
2024/5/26 05:46,x
2024/5/26 06:00,x
2024/5/26 06:01,x
2024/5/26 06:03,x
2024/5/26 06:15,x
2024/5/26 06:16,x
2024/5/26 06:30,x
2024/5/26 06:31,x
2024/5/26 06:33,x
2024/5/26 06:45,x
2024/5/26 06:46,x
2024/5/26 07:00,x
2024/5/26 07:01,x
2024/5/26 07:03,x
2024/5/26 07:15,x
2024/5/26 07:16,x
2024/5/26 07:30,x
2024/5/26 07:31,x
2024/5/26 07:33,v
2024/5/26 07:45,x
2024/5/26 07:46,x
2024/5/26 08:00,x
2024/5/26 08:01,x
2024/5/26 08:03,x
2024/5/26 08:15,x
2024/5/26 08:16,x
2024/5/26 08:30,v
2024/5/26 08:31,x
2024/5/26 08:33,x
2024/5/26 08:45,v
2024/5/26 08:46,x
2024/5/26 09:00,x
2024/5/26 09:01,x
2024/5/26 09:03,x
2024/5/26 09:15,x
2024/5/26 09:16,x
2024/5/26 09:30,x
2024/5/26 09:31,x
2024/5/26 09:33,x
2024/5/26 09:45,x
2024/5/26 09:46,x
2024/5/26 10:00,x
2024/5/26 10:01,x
2024/5/26 10:02,x
2024/5/26 10:03,x
2024/5/26 10:08,x
2024/5/26 10:15,x
2024/5/26 10:16,x
2024/5/26 10:30,x
2024/5/26 10:31,x
2024/5/26 10:33,x
2024/5/26 10:45,x
2024/5/26 10:46,x
2024/5/26 10:53,x
2024/5/26 10:54,x
2024/5/26 10:55,x
2024/5/26 11:00,x
2024/5/26 11:01,x
2024/5/26 11:15,x
2024/5/26 11:16,x
2024/5/26 11:30,x
2024/5/26 11:31,x
2024/5/26 11:45,x
2024/5/26 11:46,x
2024/5/26 12:00,x
2024/5/26 12:01,x
2024/5/26 12:15,x
2024/5/26 12:16,x
2024/5/26 12:30,x
2024/5/26 12:31,x
2024/5/26 12:45,x
2024/5/26 12:46,v
2024/5/26 13:00,x
2024/5/26 13:01,x
2024/5/26 13:14,x
2024/5/26 13:15,x
2024/5/26 13:30,x
2024/5/26 13:31,x
2024/5/26 13:45,x
2024/5/26 13:46,x
2024/5/26 14:15,x
2024/5/26 14:16,x
2024/5/26 14:30,x
2024/5/26 14:31,x
2024/5/26 14:45,x
2024/5/26 14:46,x
2024/5/26 15:00,x
2024/5/26 15:01,x
2024/5/26 15:15,x
2024/5/26 15:16,x
2024/5/26 15:30,x
2024/5/26 15:39,x
2024/5/26 15:40,x
2024/5/26 15:42,x
2024/5/26 15:43,x
2024/5/26 15:45,x
2024/5/26 15:46,x
2024/5/26 15:58,x
2024/5/26 15:59,x
2024/5/26 16:00,x
2024/5/26 16:01,x
2024/5/26 16:06,x
2024/5/26 16:07,x
2024/5/26 16:15,x
2024/5/26 16:16,x
2024/5/26 18:35,x
2024/5/26 18:36,x
2024/5/26 18:42,x
2024/5/26 18:43,x
2024/5/26 18:45,x
2024/5/26 18:46,x
2024/5/26 18:59,x
2024/5/26 19:00,x
2024/5/26 19:15,x
2024/5/26 19:16,x
2024/5/26 19:31,x
2024/5/26 19:33,x
2024/5/26 19:45,x
2024/5/26 19:46,x
2024/5/26 20:01,x
2024/5/26 21:00,x
2024/5/26 21:01,x
2024/5/26 21:15,x
2024/5/26 21:16,x
2024/5/26 21:30,x
2024/5/26 21:31,x
2024/5/26 21:45,x
2024/5/26 21:46,x
2024/5/26 22:00,v
2024/5/26 22:01,x
2024/5/26 22:15,x
2024/5/26 22:16,x
2024/5/26 22:30,x
2024/5/26 22:31,x
2024/5/26 22:45,x
2024/5/26 22:46,x
2024/5/26 23:15,x
2024/5/26 23:16,x
2024/5/26 23:30,x
2024/5/26 23:31,x
2024/5/26 23:45,x
2024/5/26 23:46,x
2024/5/27 00:00,x
2024/5/27 00:01,x
2024/5/27 00:30,x
2024/5/27 00:31,x
2024/5/27 00:45,x
2024/5/27 00:46,x
2024/5/27 01:00,x
2024/5/27 01:01,x
2024/5/27 01:15,x
2024/5/27 01:16,x
2024/5/27 01:30,x
2024/5/27 01:31,x
2024/5/27 01:36,x
2024/5/27 01:46,x
2024/5/27 01:50,x
2024/5/27 02:00,x
2024/5/27 02:01,x
2024/5/27 02:03,x
2024/5/27 02:30,x
2024/5/27 02:31,x
2024/5/27 02:33,x
2024/5/27 02:45,x
2024/5/27 02:46,x
2024/5/27 03:00,x
2024/5/27 03:01,x
2024/5/27 03:03,x
2024/5/27 03:15,x
2024/5/27 03:16,x
2024/5/27 03:30,x
2024/5/27 03:31,x
2024/5/27 03:33,x
2024/5/27 03:45,x
2024/5/27 03:46,x
2024/5/27 04:00,x
2024/5/27 04:01,x
2024/5/27 04:03,v
2024/5/27 04:15,x
2024/5/27 04:16,x
2024/5/27 04:31,x
2024/5/27 04:33,x
2024/5/27 04:45,x
2024/5/27 04:46,x
2024/5/27 05:00,x
2024/5/27 05:03,x
2024/5/27 05:15,x
2024/5/27 05:16,x
2024/5/27 05:30,x
2024/5/27 05:31,x
2024/5/27 05:33,x
2024/5/27 05:45,v
2024/5/27 05:46,x
2024/5/27 06:00,x
2024/5/27 06:01,x
2024/5/27 06:03,x
2024/5/27 06:15,x
2024/5/27 06:16,x
2024/5/27 06:30,x
2024/5/27 06:31,x
2024/5/27 06:33,x
2024/5/27 06:45,x
2024/5/27 06:46,x
2024/5/27 07:00,x
2024/5/27 07:01,x
2024/5/27 07:03,x
2024/5/27 07:15,x
2024/5/27 07:16,x
2024/5/27 07:30,x
2024/5/27 07:31,x
2024/5/27 07:33,x
2024/5/27 07:45,x
2024/5/27 07:46,x
2024/5/27 08:00,x
2024/5/27 08:01,x
2024/5/27 08:03,x
2024/5/27 08:11,x
2024/5/27 08:12,x
2024/5/27 08:15,x
2024/5/27 08:16,x
2024/5/27 08:30,x
2024/5/27 08:31,x
2024/5/27 08:33,x
2024/5/27 08:45,x
2024/5/27 08:46,x
2024/5/27 09:00,x
2024/5/27 09:01,x
2024/5/27 09:03,x
2024/5/27 09:15,x
2024/5/27 09:16,x
2024/5/27 09:23,x
2024/5/27 09:25,x
2024/5/27 09:26,x
2024/5/27 09:29,x
2024/5/27 09:30,x
2024/5/27 09:46,x
2024/5/27 10:01,x
2024/5/27 10:16,v
2024/5/27 10:30,x
2024/5/27 10:31,x
2024/5/27 11:01,x
2024/5/27 11:15,x
2024/5/27 11:16,x
2024/5/27 11:30,x
2024/5/27 11:31,x
2024/5/27 11:38,x
2024/5/27 11:39,x
2024/5/27 11:56,x
2024/5/27 11:57,x
2024/5/27 12:00,x
2024/5/27 12:01,x
2024/5/27 12:09,x
2024/5/27 12:10,x
2024/5/27 12:15,x
2024/5/27 12:16,x
2024/5/27 12:25,x
2024/5/27 12:31,x
2024/5/27 12:32,x
2024/5/27 12:45,x
2024/5/27 12:48,x
2024/5/27 13:00,x
2024/5/27 13:01,x
2024/5/27 13:04,x
2024/5/27 13:30,x
2024/5/27 13:31,x
2024/5/27 13:33,x
2024/5/27 13:39,x
2024/5/27 13:40,x
2024/5/27 13:43,x
2024/5/27 13:44,x
2024/5/27 13:45,x
2024/5/27 14:00,x
2024/5/27 14:01,x
2024/5/27 14:15,x
2024/5/27 14:16,x
2024/5/27 14:30,x
2024/5/27 14:31,x
2024/5/27 15:00,x
2024/5/27 15:01,x
2024/5/27 15:15,x
2024/5/27 15:16,x
2024/5/27 15:20,x
2024/5/27 15:23,x
2024/5/27 15:30,x
2024/5/27 15:31,x
2024/5/27 15:32,x
2024/5/27 15:37,x
2024/5/27 15:38,x
2024/5/27 15:45,x
2024/5/27 15:46,x
2024/5/27 16:00,x
2024/5/27 16:01,x
2024/5/27 16:15,x
2024/5/27 16:16,x
2024/5/27 16:20,x
2024/5/27 16:21,x
2024/5/27 16:30,x
2024/5/27 16:31,x
2024/5/27 16:33,x
2024/5/27 16:45,x
2024/5/27 16:46,x
2024/5/27 17:00,x
2024/5/27 17:01,x
2024/5/27 17:15,x
2024/5/27 17:16,x
2024/5/27 17:30,x
2024/5/27 17:31,x
2024/5/27 17:33,x
2024/5/27 17:45,x
2024/5/27 17:46,x
2024/5/27 18:00,x
2024/5/27 18:01,x
2024/5/27 18:07,x
2024/5/27 18:08,x
2024/5/27 18:16,x
2024/5/27 18:30,x
2024/5/27 18:31,x
2024/5/27 18:37,x
2024/5/27 18:45,x
2024/5/27 18:46,x
2024/5/27 19:15,x
2024/5/27 19:16,x
2024/5/27 19:30,x
2024/5/27 19:31,x
2024/5/27 19:45,x
2024/5/27 19:46,x
2024/5/27 20:15,v
2024/5/27 20:16,x
2024/5/27 20:30,x
2024/5/27 20:31,x
2024/5/27 20:45,x
2024/5/27 20:46,x
2024/5/27 22:17,x
2024/5/27 22:18,x
2024/5/27 22:30,x
2024/5/27 22:31,x
2024/5/27 22:46,x
2024/5/27 23:01,x
2024/5/27 23:15,x
2024/5/27 23:16,x
2024/5/27 23:30,x
2024/5/27 23:31,x
2024/5/27 23:45,x
2024/5/27 23:46,v
2024/5/28 00:00,x
2024/5/28 00:01,x
2024/5/28 00:15,x
2024/5/28 00:16,x
2024/5/28 00:30,x
2024/5/28 00:31,x
2024/5/28 00:45,x
2024/5/28 00:46,x
2024/5/28 01:00,x
2024/5/28 01:01,x
2024/5/28 01:15,x
2024/5/28 01:16,x
2024/5/28 01:30,x
2024/5/28 01:31,x
2024/5/28 01:33,x
2024/5/28 01:45,x
2024/5/28 01:46,x
2024/5/28 02:00,x
2024/5/28 02:15,x
2024/5/28 02:16,x
2024/5/28 02:30,x
2024/5/28 02:31,x
2024/5/28 02:33,x
2024/5/28 02:45,x
2024/5/28 02:46,x
2024/5/28 03:00,x
2024/5/28 03:01,x
2024/5/28 03:03,x
2024/5/28 03:15,x
2024/5/28 03:16,x
2024/5/28 03:30,x
2024/5/28 03:31,x
2024/5/28 03:33,x
2024/5/28 03:45,x
2024/5/28 03:46,x
2024/5/28 04:00,x
2024/5/28 04:01,x
2024/5/28 04:03,x
2024/5/28 04:15,x
2024/5/28 04:16,x
2024/5/28 04:30,x
2024/5/28 04:31,x
2024/5/28 04:33,x
2024/5/28 04:45,x
2024/5/28 04:46,x
2024/5/28 05:00,x
2024/5/28 05:01,x
2024/5/28 05:08,x
2024/5/28 05:15,x
2024/5/28 05:16,x
2024/5/28 05:30,x
2024/5/28 05:31,x
2024/5/28 05:33,x
2024/5/28 05:45,x
2024/5/28 05:46,x
2024/5/28 06:00,x
2024/5/28 06:01,x
2024/5/28 06:03,x
2024/5/28 06:15,x
2024/5/28 06:16,x
2024/5/28 06:30,x
2024/5/28 06:31,x
2024/5/28 06:33,x
2024/5/28 06:45,x
2024/5/28 06:46,x
2024/5/28 07:00,x
2024/5/28 07:01,x
2024/5/28 07:15,x
2024/5/28 07:16,x
2024/5/28 07:30,x
2024/5/28 07:31,x
2024/5/28 07:33,x
2024/5/28 07:41,x
2024/5/28 07:42,x
2024/5/28 07:45,x
2024/5/28 07:46,x
2024/5/28 08:00,x
2024/5/28 08:01,x
2024/5/28 08:02,x
2024/5/28 08:15,x
2024/5/28 08:16,x
2024/5/28 08:30,x
2024/5/28 08:31,x
2024/5/28 08:33,v
2024/5/28 08:45,x
2024/5/28 08:46,x
2024/5/28 09:00,x
2024/5/28 09:01,x
2024/5/28 09:03,x
2024/5/28 09:15,x
2024/5/28 09:16,x
2024/5/28 09:30,x
2024/5/28 09:31,x
2024/5/28 09:45,x
2024/5/28 09:46,x
2024/5/28 10:00,x
2024/5/28 10:01,x
2024/5/28 10:03,x
2024/5/28 10:15,x
2024/5/28 10:16,x
2024/5/28 10:30,x
2024/5/28 10:31,x
2024/5/28 10:33,x
2024/5/28 10:45,x
2024/5/28 10:46,x
2024/5/28 11:15,x
2024/5/28 11:16,x
2024/5/28 11:31,x
2024/5/28 11:45,x
2024/5/28 11:46,x
2024/5/28 12:00,x
2024/5/28 12:01,x
2024/5/28 12:03,x
2024/5/28 12:15,x
2024/5/28 12:16,x
2024/5/28 12:31,x
2024/5/28 12:46,x
2024/5/28 13:00,x
2024/5/28 13:01,x
2024/5/28 13:15,x
2024/5/28 13:16,x
2024/5/28 13:30,x
2024/5/28 13:31,v
2024/5/28 13:45,x
2024/5/28 13:46,x
2024/5/28 13:57,x
2024/5/28 13:58,x
2024/5/28 14:00,x
2024/5/28 14:01,x
2024/5/28 14:15,x
2024/5/28 14:16,x
2024/5/28 14:30,x
2024/5/28 14:45,v
2024/5/28 14:46,x
2024/5/28 14:56,x
2024/5/28 14:57,x
2024/5/28 15:30,x
2024/5/28 15:31,x
2024/5/28 15:32,x
2024/5/28 15:46,x
2024/5/28 15:48,x
2024/5/28 15:50,x
2024/5/28 15:51,x
2024/5/28 16:01,x
2024/5/28 16:15,x
2024/5/28 16:16,x
2024/5/28 16:28,x
2024/5/28 16:30,x
2024/5/28 16:31,x
2024/5/28 16:46,x
2024/5/28 17:15,x
2024/5/28 17:16,x
2024/5/28 17:30,x
2024/5/28 17:31,x
2024/5/28 17:38,x
2024/5/28 17:46,x
2024/5/28 18:01,x
2024/5/28 18:04,x
2024/5/28 18:05,x
2024/5/28 18:31,x
2024/5/28 19:01,x
2024/5/28 19:15,x
2024/5/28 19:16,x
2024/5/28 19:30,x
2024/5/28 19:31,x
2024/5/28 19:46,x
2024/5/28 22:19,x
2024/5/28 22:20,x
2024/5/28 22:30,x
2024/5/28 22:31,x
2024/5/28 22:45,x
2024/5/28 22:46,x
2024/5/28 23:00,x
2024/5/28 23:01,x
2024/5/28 23:15,x
2024/5/28 23:16,x
2024/5/28 23:45,x
2024/5/29 00:16,x
2024/5/29 00:30,x
2024/5/29 00:31,x
2024/5/29 00:33,x
2024/5/29 00:45,x
2024/5/29 00:46,x
2024/5/29 01:00,x
2024/5/29 01:01,x
2024/5/29 01:03,x
2024/5/29 01:15,x
2024/5/29 01:16,x
2024/5/29 01:30,x
2024/5/29 01:31,x
2024/5/29 01:33,x
2024/5/29 01:45,x
2024/5/29 01:46,x
2024/5/29 02:00,x
2024/5/29 02:01,x
2024/5/29 02:03,x
2024/5/29 02:15,x
2024/5/29 02:16,x
2024/5/29 02:30,x
2024/5/29 02:31,x
2024/5/29 02:33,x
2024/5/29 02:45,x
2024/5/29 02:46,x
2024/5/29 03:00,x
2024/5/29 03:01,x
2024/5/29 03:03,x
2024/5/29 03:15,x
2024/5/29 03:16,x
2024/5/29 03:30,v
2024/5/29 03:31,x
2024/5/29 03:33,x
2024/5/29 03:45,x
2024/5/29 03:46,x
2024/5/29 04:00,x
2024/5/29 04:01,x
2024/5/29 04:03,x
2024/5/29 04:15,x
2024/5/29 04:16,x
2024/5/29 04:30,x
2024/5/29 04:31,x
2024/5/29 04:33,x
2024/5/29 04:45,x
2024/5/29 04:46,x
2024/5/29 05:00,x
2024/5/29 05:01,x
2024/5/29 05:03,x
2024/5/29 05:15,x
2024/5/29 05:16,v
2024/5/29 05:30,x
2024/5/29 05:31,x
2024/5/29 05:33,x
2024/5/29 05:45,x
2024/5/29 05:46,x
2024/5/29 06:00,x
2024/5/29 06:01,x
2024/5/29 06:03,x
2024/5/29 06:15,x
2024/5/29 06:16,x
2024/5/29 06:30,x
2024/5/29 06:31,x
2024/5/29 06:33,x
2024/5/29 06:45,x
2024/5/29 06:46,x
2024/5/29 07:00,x
2024/5/29 07:01,x
2024/5/29 07:03,x
2024/5/29 07:15,x
2024/5/29 07:16,x
2024/5/29 07:30,x
2024/5/29 07:31,x
2024/5/29 07:33,x
2024/5/29 07:45,x
2024/5/29 07:46,x
2024/5/29 08:00,x
2024/5/29 08:01,x
2024/5/29 08:03,x
2024/5/29 08:15,x
2024/5/29 08:16,x
2024/5/29 08:30,x
2024/5/29 08:31,x
2024/5/29 08:45,x
2024/5/29 08:46,x
2024/5/29 09:00,x
2024/5/29 09:01,x
2024/5/29 09:15,x
2024/5/29 09:16,v
2024/5/29 09:31,x
2024/5/29 09:45,x
2024/5/29 09:46,x
2024/5/29 10:03,x
2024/5/29 10:15,x
2024/5/29 10:16,x
2024/5/29 10:30,x
2024/5/29 10:31,x
2024/5/29 10:45,x
2024/5/29 10:46,x
2024/5/29 11:00,x
2024/5/29 11:01,x
2024/5/29 11:15,x
2024/5/29 11:45,x
2024/5/29 11:46,x
2024/5/29 12:00,x
2024/5/29 12:01,x
2024/5/29 12:15,x
2024/5/29 12:16,x
2024/5/29 12:19,x
2024/5/29 12:20,x
2024/5/29 12:40,x
2024/5/29 12:41,x
2024/5/29 12:42,x
2024/5/29 12:45,x
2024/5/29 12:46,x
2024/5/29 12:59,x
2024/5/29 13:03,x
2024/5/29 13:04,x
2024/5/29 13:30,x
2024/5/29 13:31,x
2024/5/29 13:33,x
2024/5/29 13:45,x
2024/5/29 13:46,x
2024/5/29 13:53,x
2024/5/29 13:54,x
2024/5/29 14:00,x
2024/5/29 14:01,x
2024/5/29 14:11,x
2024/5/29 14:12,x
2024/5/29 14:13,x
2024/5/29 14:14,x
2024/5/29 14:15,x
2024/5/29 14:16,x
2024/5/29 14:31,x
2024/5/29 14:45,x
2024/5/29 14:46,x
2024/5/29 15:00,x
2024/5/29 15:01,x
2024/5/29 15:15,x
2024/5/29 15:16,x
2024/5/29 15:30,x
2024/5/29 15:31,x
2024/5/29 15:45,x
2024/5/29 15:46,x
2024/5/29 16:00,x
2024/5/29 16:01,x
2024/5/29 16:03,x
2024/5/29 16:15,x
2024/5/29 16:16,x
2024/5/29 16:30,x
2024/5/29 16:31,x
2024/5/29 16:44,x
2024/5/29 16:45,x
2024/5/29 17:00,x
2024/5/29 17:01,x
2024/5/29 17:16,x
2024/5/29 17:26,x
2024/5/29 17:27,x
2024/5/29 17:30,x
2024/5/29 17:31,x
2024/5/29 17:45,x
2024/5/29 17:46,x
2024/5/29 18:00,x
2024/5/29 18:01,v
2024/5/29 18:02,x
2024/5/29 18:03,x
2024/5/29 18:30,x
2024/5/29 18:31,x
2024/5/29 18:45,x
2024/5/29 18:46,x
2024/5/29 19:00,x
2024/5/29 19:01,x
2024/5/29 19:15,x
2024/5/29 19:16,x
2024/5/29 19:30,x
2024/5/29 19:31,x
2024/5/29 19:45,x
2024/5/29 19:46,x
2024/5/29 20:00,x
2024/5/29 20:01,x
2024/5/29 20:15,x
2024/5/29 20:16,x
2024/5/29 20:45,x
2024/5/29 20:46,x
2024/5/29 21:00,x
2024/5/29 21:01,x
2024/5/29 21:15,x
2024/5/29 21:16,x
2024/5/29 22:00,x
2024/5/29 22:01,x
2024/5/29 22:15,x
2024/5/29 22:16,x
2024/5/29 22:30,x
2024/5/29 22:31,x
2024/5/29 22:45,x
2024/5/29 22:46,x
2024/5/29 23:00,x
2024/5/29 23:01,x
2024/5/29 23:15,x
2024/5/29 23:16,x
2024/5/29 23:30,x
2024/5/29 23:31,x
2024/5/29 23:45,x
2024/5/29 23:46,x
2024/5/30 00:00,x
2024/5/30 00:01,x
2024/5/30 00:15,x
2024/5/30 00:16,x
2024/5/30 00:30,x
2024/5/30 00:31,x
2024/5/30 00:34,x
2024/5/30 00:45,x
2024/5/30 00:46,x
2024/5/30 01:00,x
2024/5/30 01:01,x
2024/5/30 01:03,x
2024/5/30 01:06,x
2024/5/30 01:15,x
2024/5/30 01:16,x
2024/5/30 01:30,x
2024/5/30 01:31,x
2024/5/30 01:33,x
2024/5/30 01:45,x
2024/5/30 01:46,x
2024/5/30 02:00,x
2024/5/30 02:01,x
2024/5/30 02:15,x
2024/5/30 02:16,x
2024/5/30 02:30,x
2024/5/30 02:31,x
2024/5/30 02:33,x
2024/5/30 02:45,x
2024/5/30 02:46,x
2024/5/30 03:00,x
2024/5/30 03:01,x
2024/5/30 03:03,x
2024/5/30 03:15,x
2024/5/30 03:16,x
2024/5/30 03:30,x
2024/5/30 03:31,x
2024/5/30 03:33,x
2024/5/30 03:45,x
2024/5/30 03:46,x
2024/5/30 04:00,x
2024/5/30 04:01,x
2024/5/30 04:03,x
2024/5/30 04:15,x
2024/5/30 04:16,x
2024/5/30 04:30,x
2024/5/30 04:31,x
2024/5/30 04:33,x
2024/5/30 04:45,x
2024/5/30 04:46,x
2024/5/30 05:00,x
2024/5/30 05:01,x
2024/5/30 05:15,x
2024/5/30 05:16,x
2024/5/30 05:30,x
2024/5/30 05:31,x
2024/5/30 05:33,x
2024/5/30 06:00,x
2024/5/30 06:01,x
2024/5/30 06:03,x
2024/5/30 06:15,x
2024/5/30 06:16,x
2024/5/30 06:30,x
2024/5/30 06:31,x
2024/5/30 06:33,x
2024/5/30 06:45,x
2024/5/30 06:46,x
2024/5/30 07:00,x
2024/5/30 07:01,x
2024/5/30 07:03,x
2024/5/30 07:15,x
2024/5/30 07:16,v
2024/5/30 07:30,x
2024/5/30 07:31,x
2024/5/30 07:33,x
2024/5/30 07:45,x
2024/5/30 07:46,x
2024/5/30 08:00,x
2024/5/30 08:01,x
2024/5/30 08:03,x
2024/5/30 08:15,x
2024/5/30 08:16,x
2024/5/30 08:30,x
2024/5/30 08:31,x
2024/5/30 08:33,x
2024/5/30 08:45,x
2024/5/30 08:46,x
2024/5/30 09:00,x
2024/5/30 09:01,x
2024/5/30 09:03,x
2024/5/30 09:15,x
2024/5/30 09:16,x
2024/5/30 09:30,x
2024/5/30 09:31,x
2024/5/30 09:33,x
2024/5/30 10:00,x
2024/5/30 10:01,x
2024/5/30 10:03,x
2024/5/30 10:15,x
2024/5/30 10:16,x
2024/5/30 10:31,x
2024/5/30 10:45,x
2024/5/30 10:46,x
2024/5/30 11:00,x
2024/5/30 11:01,x
2024/5/30 11:03,x
2024/5/30 11:15,x
2024/5/30 11:16,x
2024/5/30 11:30,x
2024/5/30 11:31,x
2024/5/30 11:45,x
2024/5/30 11:46,x
2024/5/30 11:54,x
2024/5/30 11:55,x
2024/5/30 12:00,x
2024/5/30 12:15,x
2024/5/30 12:16,x
2024/5/30 12:31,x
2024/5/30 12:44,x
2024/5/30 13:00,x
2024/5/30 13:01,x
2024/5/30 13:04,x
2024/5/30 13:05,x
2024/5/30 13:23,x
2024/5/30 13:30,x
2024/5/30 13:31,x
2024/5/30 13:45,x
2024/5/30 13:46,x
2024/5/30 14:00,x
2024/5/30 14:01,x
2024/5/30 14:15,x
2024/5/30 14:16,x
2024/5/30 14:30,x
2024/5/30 14:31,x
2024/5/30 14:45,x
2024/5/30 14:46,x
2024/5/30 15:16,x
2024/5/30 15:30,x
2024/5/30 15:31,x
2024/5/30 15:33,x
2024/5/30 15:34,x
2024/5/30 16:00,x
2024/5/30 16:01,x
2024/5/30 16:08,x
2024/5/30 16:15,x
2024/5/30 16:16,x
2024/5/30 16:31,x
2024/5/30 16:33,x
2024/5/30 16:45,x
2024/5/30 16:46,x
2024/5/30 17:01,x
2024/5/30 17:15,x
2024/5/30 17:16,x
2024/5/30 17:30,v
2024/5/30 17:31,x
2024/5/30 18:01,x
2024/5/30 18:12,x
2024/5/30 18:13,x
2024/5/30 18:18,x
2024/5/30 18:20,x
2024/5/30 18:21,x
2024/5/30 18:27,x
2024/5/30 18:30,x
2024/5/30 18:31,x
2024/5/30 18:41,x
2024/5/30 18:42,x
2024/5/30 18:44,x
2024/5/30 18:45,x
2024/5/30 18:46,x
2024/5/30 19:00,v
2024/5/30 19:01,x
2024/5/30 19:06,x
2024/5/30 19:07,x
2024/5/30 19:15,x
2024/5/30 19:16,x
2024/5/30 19:45,x
2024/5/30 19:46,x
2024/5/30 20:00,x
2024/5/30 20:01,x
2024/5/30 20:15,x
2024/5/30 20:16,x
2024/5/30 20:45,x
2024/5/30 20:46,v
2024/5/30 21:00,x
2024/5/30 21:01,x
2024/5/30 21:15,x
2024/5/30 21:30,x
2024/5/30 21:31,x
2024/5/30 21:57,x
2024/5/30 22:00,x
2024/5/30 22:01,x
2024/5/30 22:15,x
2024/5/30 22:16,x
2024/5/30 22:30,x
2024/5/30 22:31,x
2024/5/30 23:00,x
2024/5/30 23:01,x
2024/5/30 23:15,x
2024/5/30 23:16,x
2024/5/30 23:30,x
2024/5/30 23:31,x
2024/5/30 23:45,x
2024/5/30 23:46,x
2024/5/31 00:15,x
2024/5/31 00:16,x
2024/5/31 00:30,x
2024/5/31 00:31,x
2024/5/31 01:15,x
2024/5/31 01:16,x
2024/5/31 01:30,x
2024/5/31 01:31,x
2024/5/31 01:33,x
2024/5/31 01:34,x
2024/5/31 01:45,x
2024/5/31 01:46,x
2024/5/31 02:00,x
2024/5/31 02:03,x
2024/5/31 02:15,x
2024/5/31 02:16,x
2024/5/31 02:30,v
2024/5/31 02:31,x
2024/5/31 02:33,x
2024/5/31 02:45,x
2024/5/31 02:46,x
2024/5/31 03:00,v
2024/5/31 03:01,x
2024/5/31 03:03,x
2024/5/31 03:15,x
2024/5/31 03:16,v
2024/5/31 03:30,x
2024/5/31 03:31,x
2024/5/31 03:33,x
2024/5/31 03:45,x
2024/5/31 03:46,x
2024/5/31 04:00,x
2024/5/31 04:01,x
2024/5/31 04:03,x
2024/5/31 04:15,x
2024/5/31 04:16,x
2024/5/31 04:30,x
2024/5/31 04:31,x
2024/5/31 04:33,x
2024/5/31 04:45,x
2024/5/31 04:46,x
2024/5/31 05:00,x
2024/5/31 05:01,x
2024/5/31 05:03,x
2024/5/31 05:15,x
2024/5/31 05:16,v
2024/5/31 05:30,x
2024/5/31 05:31,x
2024/5/31 05:33,x
2024/5/31 05:45,x
2024/5/31 05:46,x
2024/5/31 06:00,x
2024/5/31 06:01,x
2024/5/31 06:03,x
2024/5/31 06:15,x
2024/5/31 06:16,x
2024/5/31 06:30,x
2024/5/31 06:31,x
2024/5/31 06:33,x
2024/5/31 06:45,x
2024/5/31 06:46,x
2024/5/31 07:00,x
2024/5/31 07:01,x
2024/5/31 07:03,x
2024/5/31 07:15,x
2024/5/31 07:16,x
2024/5/31 07:30,x
2024/5/31 07:31,x
2024/5/31 07:33,x
2024/5/31 07:35,x
2024/5/31 07:45,x
2024/5/31 07:46,x
2024/5/31 08:00,x
2024/5/31 08:01,x
2024/5/31 08:03,x
2024/5/31 08:15,x
2024/5/31 08:16,x
2024/5/31 08:30,x
2024/5/31 08:31,x
2024/5/31 08:33,x
2024/5/31 08:45,x
2024/5/31 08:46,x
2024/5/31 09:00,x
2024/5/31 09:01,x
2024/5/31 09:03,x
2024/5/31 09:06,x
2024/5/31 09:07,x
2024/5/31 09:09,x
2024/5/31 09:15,x
2024/5/31 09:16,x
2024/5/31 09:30,x
2024/5/31 09:31,x
2024/5/31 09:45,x
2024/5/31 09:46,x
2024/5/31 10:00,x
2024/5/31 10:01,x
2024/5/31 10:15,x
2024/5/31 10:16,x
2024/5/31 10:30,x
2024/5/31 10:31,x
2024/5/31 10:45,x
2024/5/31 10:46,x
2024/5/31 11:00,x
2024/5/31 11:01,x
2024/5/31 11:15,x
2024/5/31 11:16,x
2024/5/31 11:30,x
2024/5/31 11:31,x
2024/5/31 11:45,x
2024/5/31 11:46,x
2024/5/31 12:00,x
2024/5/31 12:01,x
2024/5/31 12:15,x
2024/5/31 12:16,x
2024/5/31 12:30,x
2024/5/31 12:31,x
2024/5/31 12:45,x
2024/5/31 12:46,x
2024/5/31 13:15,x
2024/5/31 13:16,x
2024/5/31 13:27,x
2024/5/31 13:28,x
2024/5/31 13:45,x
2024/5/31 13:46,x
2024/5/31 14:00,x
2024/5/31 14:01,x
2024/5/31 14:15,x
2024/5/31 14:16,x
2024/5/31 14:18,x
2024/5/31 14:19,x
2024/5/31 14:30,x
2024/5/31 14:31,x
2024/5/31 14:33,x
2024/5/31 14:45,x
2024/5/31 14:46,x
2024/5/31 15:00,x
2024/5/31 15:01,x
2024/5/31 15:30,x
2024/5/31 15:31,x
2024/5/31 16:00,x
2024/5/31 16:01,x
2024/5/31 16:15,x
2024/5/31 16:16,x
2024/5/31 16:30,x
2024/5/31 16:31,x
2024/5/31 17:15,x
2024/5/31 17:16,x
2024/5/31 17:30,x
2024/5/31 17:31,x
2024/5/31 19:30,x
2024/5/31 19:31,x
2024/5/31 19:34,x
2024/5/31 19:35,x
2024/5/31 19:45,v
2024/5/31 19:46,x
2024/5/31 20:00,x
2024/5/31 20:01,x
2024/5/31 20:15,x
2024/5/31 20:16,x
2024/5/31 20:30,x
2024/5/31 20:31,x
2024/5/31 20:33,x
2024/5/31 20:46,x
2024/5/31 21:00,x
2024/5/31 21:01,x
2024/5/31 21:15,x
2024/5/31 21:16,x
2024/5/31 21:30,x
2024/5/31 21:31,x
2024/5/31 21:45,x
2024/5/31 21:46,x
2024/5/31 22:00,x
2024/5/31 22:01,x
2024/5/31 22:15,x
2024/5/31 22:16,x
2024/5/31 22:45,x
2024/5/31 22:46,x
2024/5/31 23:00,x
2024/5/31 23:33,x
2024/5/31 23:45,x
2024/5/31 23:46,x
2024/6/1 00:15,x
2024/6/1 00:16,x
2024/6/1 00:31,x
2024/6/1 00:46,x
2024/6/1 01:00,x
2024/6/1 01:01,x
2024/6/1 01:15,x
2024/6/1 01:16,x
2024/6/1 01:30,x
2024/6/1 01:31,x
2024/6/1 01:38,x
2024/6/1 01:45,x
2024/6/1 01:46,x
2024/6/1 02:00,x
2024/6/1 02:01,x
2024/6/1 02:03,x
2024/6/1 02:15,x
2024/6/1 02:16,x
2024/6/1 02:30,x
2024/6/1 02:31,x
2024/6/1 02:45,x
2024/6/1 02:46,x
2024/6/1 03:00,x
2024/6/1 03:01,x
2024/6/1 03:03,x
2024/6/1 03:15,x
2024/6/1 03:16,x
2024/6/1 03:30,x
2024/6/1 03:31,x
2024/6/1 03:38,x
2024/6/1 03:45,x
2024/6/1 03:46,x
2024/6/1 04:00,x
2024/6/1 04:01,x
2024/6/1 04:03,x
2024/6/1 04:15,x
2024/6/1 04:16,x
2024/6/1 04:30,x
2024/6/1 04:31,x
2024/6/1 04:33,x
2024/6/1 04:45,x
2024/6/1 04:46,x
2024/6/1 05:00,x
2024/6/1 05:01,x
2024/6/1 05:03,x
2024/6/1 05:15,x
2024/6/1 05:16,x
2024/6/1 05:30,x
2024/6/1 05:31,x
2024/6/1 05:33,x
2024/6/1 05:45,x
2024/6/1 05:46,x
2024/6/1 06:00,x
2024/6/1 06:08,x
2024/6/1 06:15,x
2024/6/1 06:16,x
2024/6/1 06:30,x
2024/6/1 06:31,x
2024/6/1 06:33,x
2024/6/1 06:46,x
2024/6/1 07:00,x
2024/6/1 07:01,x
2024/6/1 07:03,x
2024/6/1 07:15,x
2024/6/1 07:16,x
2024/6/1 07:29,x
2024/6/1 07:30,x
2024/6/1 07:33,x
2024/6/1 07:45,x
2024/6/1 07:46,x
2024/6/1 08:00,x
2024/6/1 08:01,x
2024/6/1 08:03,x
2024/6/1 08:15,x
2024/6/1 08:16,x
2024/6/1 08:30,x
2024/6/1 08:31,x
2024/6/1 08:33,x
2024/6/1 08:45,x
2024/6/1 08:46,x
2024/6/1 09:00,x
2024/6/1 09:01,x
2024/6/1 09:03,x
2024/6/1 09:15,x
2024/6/1 09:16,x
2024/6/1 09:30,x
2024/6/1 09:31,x
2024/6/1 09:33,x
2024/6/1 09:45,x
2024/6/1 09:46,x
2024/6/1 10:00,x
2024/6/1 10:01,x
2024/6/1 10:03,x
2024/6/1 10:15,x
2024/6/1 10:16,x
2024/6/1 10:30,x
2024/6/1 10:31,x
2024/6/1 10:33,x
2024/6/1 11:00,x
2024/6/1 11:01,x
2024/6/1 11:03,x
2024/6/1 11:15,x
2024/6/1 11:16,x
2024/6/1 11:30,x
2024/6/1 11:31,x
2024/6/1 11:35,x
2024/6/1 11:36,x
2024/6/1 11:45,x
2024/6/1 11:46,x
2024/6/1 12:01,x
2024/6/1 12:02,x
2024/6/1 12:15,x
2024/6/1 12:16,x
2024/6/1 12:30,x
2024/6/1 12:31,x
2024/6/1 12:45,x
2024/6/1 12:46,x
2024/6/1 13:00,x
2024/6/1 13:01,x
2024/6/1 13:15,x
2024/6/1 13:16,x
2024/6/1 13:17,x
2024/6/1 13:18,x
2024/6/1 13:31,x
2024/6/1 13:45,x
2024/6/1 13:46,x
2024/6/1 14:00,x
2024/6/1 14:01,x
2024/6/1 14:15,x
2024/6/1 14:16,x
2024/6/1 14:30,x
2024/6/1 14:31,v
2024/6/1 14:45,x
2024/6/1 14:46,x
2024/6/1 15:01,x
2024/6/1 21:15,x
2024/6/1 21:16,x
2024/6/1 21:30,x
2024/6/1 21:31,x
2024/6/1 21:45,x
2024/6/1 21:46,x
2024/6/1 22:00,x
2024/6/1 22:01,x
2024/6/1 22:15,x
2024/6/1 22:16,x
2024/6/1 22:30,x
2024/6/1 22:31,x
2024/6/1 23:00,x
2024/6/1 23:01,x
2024/6/1 23:15,x
2024/6/1 23:16,x
2024/6/1 23:30,x
2024/6/1 23:31,x
2024/6/1 23:45,x
2024/6/1 23:46,x
2024/6/2 00:00,x
2024/6/2 00:01,x
2024/6/2 00:08,x
2024/6/2 00:09,x
2024/6/2 00:13,x
2024/6/2 00:30,x
2024/6/2 00:31,x
2024/6/2 00:37,x
2024/6/2 00:45,x
2024/6/2 00:46,x
2024/6/2 01:00,x
2024/6/2 01:01,x
2024/6/2 01:15,x
2024/6/2 01:16,x
2024/6/2 01:30,x
2024/6/2 01:31,x
2024/6/2 01:45,x
2024/6/2 01:46,x
2024/6/2 02:00,x
2024/6/2 02:01,x
2024/6/2 02:03,x
2024/6/2 02:15,x
2024/6/2 02:16,x
2024/6/2 02:30,x
2024/6/2 02:31,x
2024/6/2 02:33,x
2024/6/2 02:39,x
2024/6/2 02:45,x
2024/6/2 02:46,x
2024/6/2 03:00,x
2024/6/2 03:01,x
2024/6/2 03:15,x
2024/6/2 03:16,x
2024/6/2 03:30,x
2024/6/2 03:31,x
2024/6/2 03:33,x
2024/6/2 03:35,x
2024/6/2 03:46,x
2024/6/2 04:00,x
2024/6/2 04:01,x
2024/6/2 04:03,v
2024/6/2 04:15,x
2024/6/2 04:16,x
2024/6/2 04:30,v
2024/6/2 04:31,x
2024/6/2 04:33,x
2024/6/2 04:45,x
2024/6/2 04:46,x
2024/6/2 05:00,x
2024/6/2 05:01,x
2024/6/2 05:03,x
2024/6/2 05:06,x
2024/6/2 05:07,x
2024/6/2 05:15,x
2024/6/2 05:16,x
2024/6/2 05:30,x
2024/6/2 05:31,x
2024/6/2 05:33,x
2024/6/2 05:45,x
2024/6/2 05:46,x
2024/6/2 06:00,x
2024/6/2 06:01,x
2024/6/2 06:03,x
2024/6/2 06:15,x
2024/6/2 06:16,x
2024/6/2 06:30,x
2024/6/2 06:31,x
2024/6/2 06:33,x
2024/6/2 06:45,x
2024/6/2 06:46,x
2024/6/2 07:00,x
2024/6/2 07:01,x
2024/6/2 07:15,x
2024/6/2 07:16,x
2024/6/2 07:30,x
2024/6/2 07:31,x
2024/6/2 07:33,x
2024/6/2 07:45,x
2024/6/2 07:46,x
2024/6/2 08:00,x
2024/6/2 08:01,x
2024/6/2 08:03,x
2024/6/2 08:09,v
2024/6/2 08:15,x
2024/6/2 08:16,x
2024/6/2 08:35,x
2024/6/2 08:36,x
2024/6/2 08:40,x
2024/6/2 08:41,x
2024/6/2 08:45,x
2024/6/2 08:46,x
2024/6/2 09:00,x
2024/6/2 09:01,x
2024/6/2 09:15,x
2024/6/2 09:16,x
2024/6/2 10:38,x
2024/6/2 10:39,x
2024/6/2 10:45,x
2024/6/2 10:46,x
2024/6/2 11:00,x
2024/6/2 11:01,x
2024/6/2 11:30,x
2024/6/2 11:31,x
2024/6/2 11:45,x
2024/6/2 11:46,x
2024/6/2 12:00,x
2024/6/2 12:01,x
2024/6/2 12:15,x
2024/6/2 12:16,x
2024/6/2 12:30,x
2024/6/2 12:31,x
2024/6/2 12:45,x
2024/6/2 12:46,x
2024/6/2 13:00,x
2024/6/2 13:01,x
2024/6/2 13:15,x
2024/6/2 13:16,x
2024/6/2 13:30,x
2024/6/2 13:45,x
2024/6/2 13:46,x
2024/6/2 14:00,x
2024/6/2 14:01,v
2024/6/2 14:14,x
2024/6/2 14:15,x
2024/6/2 14:30,x
2024/6/2 14:31,x
2024/6/2 14:45,x
2024/6/2 14:46,x
2024/6/2 15:00,x
2024/6/2 15:01,x
2024/6/2 15:15,x
2024/6/2 15:16,x
2024/6/2 15:30,x
2024/6/2 15:31,x
2024/6/2 15:45,x
2024/6/2 15:46,x
2024/6/2 16:00,x
2024/6/2 16:01,x
2024/6/2 16:15,x
2024/6/2 16:30,x
2024/6/2 16:31,x
2024/6/2 16:45,x
2024/6/2 16:46,x
2024/6/2 17:00,x
2024/6/2 17:01,x
2024/6/2 17:15,x
2024/6/2 17:16,x
2024/6/2 17:30,x
2024/6/2 17:31,x
2024/6/2 17:45,x
2024/6/2 17:46,x
2024/6/2 17:53,x
2024/6/2 17:58,x
2024/6/2 17:59,x
2024/6/2 18:00,x
2024/6/2 18:01,v
2024/6/2 18:15,x
2024/6/2 18:16,x
2024/6/2 18:31,x
2024/6/2 18:45,x
2024/6/2 18:46,x
2024/6/2 19:00,x
2024/6/2 19:01,x
2024/6/2 19:15,x
2024/6/2 19:16,x
2024/6/2 19:28,x
2024/6/2 19:33,x
2024/6/2 19:34,x
2024/6/2 19:46,x
2024/6/2 19:47,x
2024/6/2 20:00,x
2024/6/2 20:01,x
2024/6/2 20:11,x
2024/6/2 20:12,x
2024/6/2 20:16,x
2024/6/2 20:30,x
2024/6/2 20:31,x
2024/6/2 20:32,x
2024/6/2 20:46,x
2024/6/2 20:48,x
2024/6/2 21:00,x
2024/6/2 21:15,x
2024/6/2 21:16,x
2024/6/2 21:30,x
2024/6/2 21:31,x
2024/6/2 21:45,x
2024/6/2 21:46,x
2024/6/2 22:00,x
2024/6/2 22:01,x
2024/6/2 22:15,x
2024/6/2 22:16,x
2024/6/2 23:00,x
2024/6/2 23:01,x
2024/6/2 23:15,x
2024/6/2 23:16,x
2024/6/2 23:30,x
2024/6/2 23:31,x
2024/6/2 23:45,x
2024/6/2 23:46,x
