datetime,fatigue
2024/5/21 01:03,25
2024/5/21 01:33,20
2024/5/21 02:03,22
2024/5/21 02:33,26
2024/5/21 03:03,20
2024/5/21 03:33,23
2024/5/21 04:03,26
2024/5/21 04:33,24
2024/5/21 05:03,22
2024/5/21 05:33,22
2024/5/21 06:03,23
2024/5/21 06:33,22
2024/5/21 07:33,21
2024/5/21 11:24,39
2024/5/21 12:33,34
2024/5/21 16:21,21
2024/5/21 22:48,23
2024/5/21 23:33,22
2024/5/22 00:33,23
2024/5/22 02:33,23
2024/5/22 03:03,20
2024/5/22 04:03,21
2024/5/22 04:33,22
2024/5/22 05:03,20
2024/5/22 05:33,23
2024/5/22 06:03,20
2024/5/22 06:33,24
2024/5/22 07:03,20
2024/5/22 07:33,22
2024/5/22 08:03,23
2024/5/22 08:33,22
2024/5/22 09:03,23
2024/5/22 09:33,20
2024/5/22 10:03,20
2024/5/22 10:33,26
2024/5/22 14:28,24
2024/5/22 14:29,23
2024/5/22 16:43,22
2024/5/22 18:03,22
2024/5/23 02:03,22
2024/5/23 02:33,22
2024/5/23 03:03,20
2024/5/23 03:33,23
2024/5/23 04:03,20
2024/5/23 04:33,24
2024/5/23 05:03,22
2024/5/23 05:33,23
2024/5/23 06:03,22
2024/5/23 06:33,23
2024/5/23 07:03,20
2024/5/23 07:33,22
2024/5/23 08:33,22
2024/5/23 09:08,20
2024/5/23 09:33,22
2024/5/23 10:03,23
2024/5/23 10:48,20
2024/5/24 00:33,23
2024/5/24 01:33,20
2024/5/24 02:33,22
2024/5/24 03:03,20
2024/5/24 03:33,23
2024/5/24 04:03,22
2024/5/24 04:33,21
2024/5/24 05:03,27
2024/5/24 05:33,23
2024/5/24 06:03,22
2024/5/24 06:33,23
2024/5/24 07:03,23
2024/5/24 07:33,22
2024/5/24 08:03,23
2024/5/24 08:33,22
2024/5/24 13:35,25
2024/5/24 14:33,22
2024/5/24 17:03,23
2024/5/24 21:33,22
2024/5/25 00:33,21
2024/5/25 02:03,23
2024/5/25 02:33,20
2024/5/25 03:03,20
2024/5/25 03:38,20
2024/5/25 04:03,22
2024/5/25 04:33,20
2024/5/25 05:03,20
2024/5/25 05:33,22
2024/5/25 06:03,22
2024/5/25 06:33,22
2024/5/25 07:03,20
2024/5/25 07:33,24
2024/5/25 08:03,22
2024/5/25 09:03,20
2024/5/25 09:33,20
2024/5/25 10:03,22
2024/5/25 10:33,20
2024/5/25 11:03,24
2024/5/25 11:33,23
2024/5/25 12:03,23
2024/5/25 12:33,22
2024/5/26 00:33,23
2024/5/26 01:03,20
2024/5/26 01:33,22
2024/5/26 02:03,24
2024/5/26 02:33,20
2024/5/26 03:03,20
2024/5/26 03:33,20
2024/5/26 04:03,22
2024/5/26 04:33,24
2024/5/26 05:03,22
2024/5/26 06:03,20
2024/5/26 06:33,28
2024/5/26 07:03,20
2024/5/26 07:33,20
2024/5/26 08:03,20
2024/5/26 08:33,22
2024/5/26 09:03,22
2024/5/26 09:33,20
2024/5/26 10:08,23
2024/5/26 10:33,26
2024/5/26 19:33,21
2024/5/27 02:03,20
2024/5/27 02:33,23
2024/5/27 03:03,22
2024/5/27 03:33,23
2024/5/27 04:03,20
2024/5/27 04:33,20
2024/5/27 05:03,20
2024/5/27 05:33,20
2024/5/27 06:03,20
2024/5/27 06:33,22
2024/5/27 07:03,23
2024/5/27 07:33,22
2024/5/27 08:03,22
2024/5/27 08:33,23
2024/5/27 09:03,23
2024/5/27 12:46,26
2024/5/27 13:33,23
2024/5/27 16:33,20
2024/5/27 17:33,23
2024/5/28 01:03,22
2024/5/28 01:33,25
2024/5/28 02:03,20
2024/5/28 02:33,26
2024/5/28 03:03,25
2024/5/28 03:33,22
2024/5/28 04:03,22
2024/5/28 04:33,24
2024/5/28 05:03,23
2024/5/28 05:33,23
2024/5/28 06:03,20
2024/5/28 06:33,22
2024/5/28 07:33,22
2024/5/28 11:24,23
2024/5/28 12:33,23
2024/5/28 16:21,21
2024/5/28 22:48,20
2024/5/28 23:33,22
2024/5/29 00:33,21
2024/5/29 02:33,22
2024/5/29 03:03,23
2024/5/29 04:03,23
2024/5/29 04:33,20
2024/5/29 05:03,25
2024/5/29 05:33,25
2024/5/29 06:03,23
2024/5/29 06:33,20
2024/5/29 07:03,20
2024/5/29 07:33,20
2024/5/29 08:03,22
2024/5/29 08:33,23
2024/5/29 09:03,22
2024/5/29 09:33,21
2024/5/29 10:03,22
2024/5/29 10:33,20
2024/5/29 14:28,34
2024/5/29 14:29,26
2024/5/29 16:43,20
2024/5/29 18:03,20
2024/5/30 02:03,20
2024/5/30 02:33,20
2024/5/30 03:03,20
2024/5/30 03:33,20
2024/5/30 04:03,23
2024/5/30 04:33,22
2024/5/30 05:03,22
2024/5/30 05:33,23
2024/5/30 06:03,20
2024/5/30 06:33,24
2024/5/30 07:03,22
2024/5/30 07:33,23
2024/5/30 08:33,20
2024/5/30 09:08,22
2024/5/30 09:33,23
2024/5/30 10:03,22
2024/5/30 10:48,23
2024/5/31 00:33,23
2024/5/31 01:33,22
2024/5/31 02:33,20
2024/5/31 03:03,23
2024/5/31 03:33,23
2024/5/31 04:03,27
2024/5/31 04:33,23
2024/5/31 05:03,22
2024/5/31 05:33,23
2024/5/31 06:03,39
2024/5/31 06:33,20
2024/5/31 07:03,20
2024/5/31 07:33,22
2024/5/31 08:03,22
2024/5/31 08:33,22
2024/5/31 13:35,23
2024/5/31 14:33,26
2024/5/31 17:03,22
2024/5/31 21:33,22
2024/6/1 00:33,20
2024/6/1 02:03,20
2024/6/1 02:33,22
2024/6/1 03:03,20
2024/6/1 03:38,23
2024/6/1 04:03,22
2024/6/1 04:33,23
2024/6/1 05:03,20
2024/6/1 05:33,22
2024/6/1 06:03,20
2024/6/1 06:33,23
2024/6/1 07:03,23
2024/6/1 07:33,23
2024/6/1 08:03,22
2024/6/1 09:03,20
2024/6/1 09:33,22
2024/6/1 10:03,20
2024/6/1 10:33,22
2024/6/1 11:03,23
2024/6/1 11:33,23
2024/6/1 12:03,23
2024/6/1 12:33,26
2024/6/2 00:33,23
2024/6/2 01:03,23
2024/6/2 01:33,22
2024/6/2 02:03,22
2024/6/2 02:33,23
2024/6/2 03:03,22
2024/6/2 03:33,22
2024/6/2 04:03,23
2024/6/2 04:33,23
2024/6/2 05:03,22
2024/6/2 06:03,23
2024/6/2 06:33,22
2024/6/2 07:03,22
2024/6/2 07:33,20
2024/6/2 08:03,21
2024/6/2 08:33,23
2024/6/2 09:03,23
2024/6/2 09:33,23
2024/6/2 10:08,23
2024/6/2 10:33,23
2024/6/2 19:33,20
2024/6/3 02:03,20
2024/6/3 02:33,23
2024/6/3 03:03,22
2024/6/3 03:33,25
2024/6/3 04:03,20
2024/6/3 04:33,23
2024/6/3 05:03,22
2024/6/3 05:33,20
2024/6/3 06:03,20
2024/6/3 06:33,23
2024/6/3 07:03,22
2024/6/3 07:33,21
2024/6/3 08:03,24
2024/6/3 08:33,23
2024/6/3 09:03,23
2024/6/3 12:46,23
2024/6/3 13:33,22
2024/6/3 16:33,22
2024/6/3 17:33,22
