時間,量測值
2024/5/20 23:03,71
2024/5/20 23:15,66
2024/5/20 23:16,69
2024/5/20 23:30,75
2024/5/20 23:31,77
2024/5/20 23:45,80
2024/5/20 23:46,80
2024/5/21 00:00,75
2024/5/21 00:01,72
2024/5/21 00:15,69
2024/5/21 00:16,67
2024/5/21 00:30,69
2024/5/21 00:31,69
2024/5/21 00:45,70
2024/5/21 00:46,68
2024/5/21 01:00,66
2024/5/21 01:01,63
2024/5/21 01:03,63
2024/5/21 01:15,63
2024/5/21 01:16,62
2024/5/21 01:30,64
2024/5/21 01:31,63
2024/5/21 01:33,63
2024/5/21 01:45,64
2024/5/21 01:46,65
2024/5/21 02:00,65
2024/5/21 02:01,64
2024/5/21 02:03,63
2024/5/21 02:15,63
2024/5/21 02:16,63
2024/5/21 02:30,64
2024/5/21 02:31,65
2024/5/21 02:33,65
2024/5/21 02:45,62
2024/5/21 02:46,60
2024/5/21 03:00,58
2024/5/21 03:01,55
2024/5/21 03:03,56
2024/5/21 03:15,55
2024/5/21 03:16,55
2024/5/21 03:30,55
2024/5/21 03:31,56
2024/5/21 03:33,57
2024/5/21 03:45,56
2024/5/21 03:46,56
2024/5/21 04:00,55
2024/5/21 04:01,56
2024/5/21 04:03,60
2024/5/21 04:15,61
2024/5/21 04:16,61
2024/5/21 04:33,61
2024/5/21 04:45,58
2024/5/21 04:46,57
2024/5/21 05:00,56
2024/5/21 05:01,55
2024/5/21 05:03,53
2024/5/21 05:15,53
2024/5/21 05:16,52
2024/5/21 05:30,51
2024/5/21 05:31,52
2024/5/21 05:33,51
2024/5/21 05:45,52
2024/5/21 05:46,52
2024/5/21 06:00,51
2024/5/21 06:01,52
2024/5/21 06:03,53
2024/5/21 06:15,55
2024/5/21 06:16,57
2024/5/21 06:30,61
2024/5/21 06:31,63
2024/5/21 06:33,68
2024/5/21 06:45,66
2024/5/21 06:46,67
2024/5/21 07:00,68
2024/5/21 07:01,68
2024/5/21 07:15,69
2024/5/21 07:16,70
2024/5/21 07:27,71
2024/5/21 07:30,74
2024/5/21 07:31,79
2024/5/21 07:33,80
2024/5/21 08:00,80
2024/5/21 08:01,81
2024/5/21 08:15,84
2024/5/21 08:16,85
2024/5/21 08:30,85
2024/5/21 08:31,87
2024/5/21 08:45,85
2024/5/21 08:46,83
2024/5/21 09:00,84
2024/5/21 09:01,82
2024/5/21 09:30,82
2024/5/21 09:31,80
2024/5/21 09:45,81
2024/5/21 09:46,81
2024/5/21 10:00,81
2024/5/21 10:01,81
2024/5/21 10:15,78
2024/5/21 10:16,76
2024/5/21 10:30,73
2024/5/21 10:31,71
2024/5/21 10:45,70
2024/5/21 10:46,69
2024/5/21 11:00,69
2024/5/21 11:01,69
2024/5/21 11:16,69
2024/5/21 11:30,70
2024/5/21 11:31,72
2024/5/21 11:46,70
2024/5/21 12:00,72
2024/5/21 12:01,75
2024/5/21 12:15,74
2024/5/21 12:16,76
2024/5/21 12:30,79
2024/5/21 12:31,80
2024/5/21 12:33,82
2024/5/21 12:45,82
2024/5/21 12:46,85
2024/5/21 12:56,84
2024/5/21 12:57,83
2024/5/21 13:00,86
2024/5/21 13:01,87
2024/5/21 13:15,91
2024/5/21 13:16,94
2024/5/21 13:17,97
2024/5/21 13:29,90
2024/5/21 13:30,85
2024/5/21 13:45,76
2024/5/21 13:46,69
2024/5/21 14:30,69
2024/5/21 14:31,69
2024/5/21 14:45,73
2024/5/21 14:46,78
2024/5/21 15:30,84
2024/5/21 15:31,90
2024/5/21 16:00,89
2024/5/21 16:01,87
2024/5/21 16:12,82
2024/5/21 16:13,83
2024/5/21 16:15,82
2024/5/21 16:16,83
2024/5/21 16:21,78
2024/5/21 16:30,79
2024/5/21 16:31,77
2024/5/21 16:32,76
2024/5/21 16:33,76
2024/5/21 16:45,74
2024/5/21 16:46,74
2024/5/21 17:00,73
2024/5/21 17:01,72
2024/5/21 17:14,73
2024/5/21 17:15,73
2024/5/21 17:30,74
2024/5/21 17:31,75
2024/5/21 17:46,74
2024/5/21 18:00,77
2024/5/21 18:01,77
2024/5/21 18:15,74
2024/5/21 18:16,75
2024/5/21 18:30,72
2024/5/21 18:31,71
2024/5/21 18:44,75
2024/5/21 18:45,76
2024/5/21 18:48,81
2024/5/21 18:49,92
2024/5/21 18:50,100
2024/5/21 19:00,102
2024/5/21 19:01,101
2024/5/21 19:15,93
2024/5/21 19:16,88
2024/5/21 19:30,82
2024/5/21 19:31,79
2024/5/21 19:45,81
2024/5/21 19:46,81
2024/5/21 20:00,82
2024/5/21 20:01,82
2024/5/21 22:00,76
2024/5/21 22:01,71
2024/5/21 22:15,73
2024/5/21 22:16,75
2024/5/21 22:30,80
2024/5/21 22:31,82
2024/5/21 22:45,82
2024/5/21 22:46,82
2024/5/21 22:48,81
2024/5/21 22:49,81
2024/5/21 22:52,83
2024/5/21 23:00,85
2024/5/21 23:01,86
2024/5/21 23:15,85
2024/5/21 23:16,84
2024/5/21 23:30,79
2024/5/21 23:31,75
2024/5/21 23:33,66
2024/5/21 23:45,71
2024/5/21 23:46,66
2024/5/22 00:00,66
2024/5/22 00:01,65
2024/5/22 00:15,66
2024/5/22 00:30,66
2024/5/22 00:31,67
2024/5/22 00:33,57
2024/5/22 01:00,66
2024/5/22 01:01,65
2024/5/22 01:15,64
2024/5/22 01:31,62
2024/5/22 02:00,60
2024/5/22 02:01,58
2024/5/22 02:15,57
2024/5/22 02:16,56
2024/5/22 02:30,54
2024/5/22 02:31,54
2024/5/22 02:33,53
2024/5/22 02:45,53
2024/5/22 02:46,54
2024/5/22 03:00,56
2024/5/22 03:01,57
2024/5/22 03:03,59
2024/5/22 03:15,59
2024/5/22 03:16,60
2024/5/22 03:30,59
2024/5/22 03:31,58
2024/5/22 03:45,58
2024/5/22 03:46,58
2024/5/22 04:00,57
2024/5/22 04:01,56
2024/5/22 04:03,57
2024/5/22 04:15,56
2024/5/22 04:16,55
2024/5/22 04:21,54
2024/5/22 04:30,54
2024/5/22 04:31,56
2024/5/22 04:33,56
2024/5/22 04:45,57
2024/5/22 04:46,56
2024/5/22 05:00,54
2024/5/22 05:01,54
2024/5/22 05:03,54
2024/5/22 05:15,54
2024/5/22 05:16,54
2024/5/22 05:30,54
2024/5/22 05:31,54
2024/5/22 05:33,54
2024/5/22 05:45,55
2024/5/22 05:46,55
2024/5/22 06:00,57
2024/5/22 06:01,58
2024/5/22 06:03,58
2024/5/22 06:15,61
2024/5/22 06:16,62
2024/5/22 06:30,63
2024/5/22 06:31,64
2024/5/22 06:33,62
2024/5/22 06:45,62
2024/5/22 06:46,63
2024/5/22 07:00,61
2024/5/22 07:01,61
2024/5/22 07:03,58
2024/5/22 07:15,55
2024/5/22 07:16,54
2024/5/22 07:30,54
2024/5/22 07:31,53
2024/5/22 07:33,54
2024/5/22 07:45,55
2024/5/22 07:46,61
2024/5/22 07:53,62
2024/5/22 07:54,61
2024/5/22 08:00,61
2024/5/22 08:01,55
2024/5/22 08:03,55
2024/5/22 08:15,56
2024/5/22 08:16,58
2024/5/22 08:30,58
2024/5/22 08:31,57
2024/5/22 08:33,57
2024/5/22 08:45,56
2024/5/22 08:46,57
2024/5/22 09:00,61
2024/5/22 09:03,61
2024/5/22 09:15,61
2024/5/22 09:16,59
2024/5/22 09:19,55
2024/5/22 09:28,55
2024/5/22 09:30,59
2024/5/22 09:31,63
2024/5/22 09:33,64
2024/5/22 09:45,66
2024/5/22 09:46,63
2024/5/22 10:00,61
2024/5/22 10:01,62
2024/5/22 10:03,63
2024/5/22 10:15,64
2024/5/22 10:16,66
2024/5/22 10:30,67
2024/5/22 10:31,67
2024/5/22 10:33,89
2024/5/22 10:45,69
2024/5/22 10:46,69
2024/5/22 11:00,69
2024/5/22 11:01,69
2024/5/22 11:15,70
2024/5/22 11:16,77
2024/5/22 11:30,81
2024/5/22 11:31,86
2024/5/22 11:45,87
2024/5/22 11:46,83
2024/5/22 12:00,85
2024/5/22 12:01,87
2024/5/22 12:15,93
2024/5/22 12:16,95
2024/5/22 12:30,96
2024/5/22 12:31,96
2024/5/22 12:46,88
2024/5/22 13:00,88
2024/5/22 13:01,91
2024/5/22 13:15,88
2024/5/22 13:16,93
2024/5/22 13:33,98
2024/5/22 13:45,96
2024/5/22 13:46,99
2024/5/22 14:00,103
2024/5/22 14:01,101
2024/5/22 14:15,96
2024/5/22 14:16,87
2024/5/22 14:28,87
2024/5/22 14:29,87
2024/5/22 14:31,101
2024/5/22 14:45,90
2024/5/22 14:46,97
2024/5/22 15:00,91
2024/5/22 15:01,85
2024/5/22 15:16,80
2024/5/22 15:30,82
2024/5/22 15:31,88
2024/5/22 15:45,89
2024/5/22 15:46,93
2024/5/22 16:00,86
2024/5/22 16:01,78
2024/5/22 16:04,76
2024/5/22 16:05,74
2024/5/22 16:15,75
2024/5/22 16:16,74
2024/5/22 16:30,75
2024/5/22 16:31,74
2024/5/22 16:43,75
2024/5/22 16:45,74
2024/5/22 16:46,76
2024/5/22 16:58,77
2024/5/22 16:59,76
2024/5/22 17:15,76
2024/5/22 17:16,77
2024/5/22 17:31,76
2024/5/22 17:45,76
2024/5/22 17:46,75
2024/5/22 17:59,74
2024/5/22 18:00,75
2024/5/22 18:03,67
2024/5/22 18:23,72
2024/5/22 18:24,70
2024/5/22 18:45,68
2024/5/22 18:46,67
2024/5/22 18:54,69
2024/5/22 19:00,75
2024/5/22 19:01,82
2024/5/22 19:16,80
2024/5/22 19:30,81
2024/5/22 19:31,79
2024/5/22 19:46,79
2024/5/22 20:00,83
2024/5/22 20:01,85
2024/5/22 20:16,84
2024/5/22 20:36,76
2024/5/22 20:45,83
2024/5/22 20:46,91
2024/5/22 21:00,99
2024/5/22 21:01,111
2024/5/22 21:40,107
2024/5/22 21:41,106
2024/5/22 22:00,100
2024/5/22 22:01,97
2024/5/22 22:15,94
2024/5/22 22:16,91
2024/5/22 22:30,90
2024/5/22 22:31,88
2024/5/22 22:46,85
2024/5/22 23:00,82
2024/5/22 23:01,84
2024/5/22 23:15,82
2024/5/22 23:16,83
2024/5/22 23:45,80
2024/5/22 23:46,76
2024/5/23 00:00,75
2024/5/23 00:01,74
2024/5/23 00:16,72
2024/5/23 00:31,70
2024/5/23 00:45,71
2024/5/23 00:46,70
2024/5/23 01:00,73
2024/5/23 01:01,74
2024/5/23 01:08,73
2024/5/23 01:15,71
2024/5/23 01:16,69
2024/5/23 01:30,68
2024/5/23 01:31,67
2024/5/23 01:45,64
2024/5/23 01:46,63
2024/5/23 02:00,61
2024/5/23 02:01,59
2024/5/23 02:03,57
2024/5/23 02:15,56
2024/5/23 02:16,56
2024/5/23 02:33,57
2024/5/23 02:45,59
2024/5/23 02:46,60
2024/5/23 03:00,60
2024/5/23 03:01,60
2024/5/23 03:03,60
2024/5/23 03:15,60
2024/5/23 03:16,61
2024/5/23 03:30,61
2024/5/23 03:31,61
2024/5/23 03:33,60
2024/5/23 03:45,60
2024/5/23 03:46,58
2024/5/23 04:00,57
2024/5/23 04:01,57
2024/5/23 04:03,55
2024/5/23 04:15,56
2024/5/23 04:16,56
2024/5/23 04:30,56
2024/5/23 04:31,57
2024/5/23 04:33,58
2024/5/23 04:45,61
2024/5/23 04:46,61
2024/5/23 05:00,60
2024/5/23 05:01,58
2024/5/23 05:03,56
2024/5/23 05:15,56
2024/5/23 05:16,55
2024/5/23 05:30,55
2024/5/23 05:31,56
2024/5/23 05:33,56
2024/5/23 05:45,56
2024/5/23 05:46,55
2024/5/23 06:00,55
2024/5/23 06:01,54
2024/5/23 06:03,57
2024/5/23 06:15,58
2024/5/23 06:16,58
2024/5/23 06:30,59
2024/5/23 06:31,58
2024/5/23 06:33,58
2024/5/23 06:45,58
2024/5/23 06:46,57
2024/5/23 07:00,56
2024/5/23 07:01,56
2024/5/23 07:03,56
2024/5/23 07:15,57
2024/5/23 07:16,57
2024/5/23 07:30,58
2024/5/23 07:31,58
2024/5/23 07:33,57
2024/5/23 07:45,58
2024/5/23 07:46,59
2024/5/23 08:00,57
2024/5/23 08:01,57
2024/5/23 08:16,56
2024/5/23 08:30,55
2024/5/23 08:31,57
2024/5/23 08:33,58
2024/5/23 08:45,57
2024/5/23 08:46,58
2024/5/23 09:00,61
2024/5/23 09:01,60
2024/5/23 09:08,60
2024/5/23 09:15,61
2024/5/23 09:16,57
2024/5/23 09:30,58
2024/5/23 09:31,60
2024/5/23 09:33,61
2024/5/23 09:45,62
2024/5/23 09:46,61
2024/5/23 10:00,61
2024/5/23 10:01,60
2024/5/23 10:03,62
2024/5/23 10:15,63
2024/5/23 10:16,64
2024/5/23 10:30,67
2024/5/23 10:31,66
2024/5/23 10:33,67
2024/5/23 10:34,68
2024/5/23 10:45,71
2024/5/23 10:46,73
2024/5/23 10:48,66
2024/5/23 11:00,75
2024/5/23 11:01,77
2024/5/23 11:06,78
2024/5/23 11:30,83
2024/5/23 11:31,89
2024/5/23 11:45,95
2024/5/23 11:46,99
2024/5/23 12:00,98
2024/5/23 12:01,97
2024/5/23 12:15,94
2024/5/23 12:16,91
2024/5/23 12:31,90
2024/5/23 12:45,91
2024/5/23 12:46,95
2024/5/23 13:00,94
2024/5/23 13:01,99
2024/5/23 13:15,96
2024/5/23 13:16,89
2024/5/23 13:45,89
2024/5/23 13:46,85
2024/5/23 14:00,86
2024/5/23 14:01,87
2024/5/23 14:04,86
2024/5/23 14:05,85
2024/5/23 14:15,85
2024/5/23 14:16,87
2024/5/23 14:30,87
2024/5/23 14:31,87
2024/5/23 14:45,84
2024/5/23 14:46,82
2024/5/23 15:01,79
2024/5/23 15:15,77
2024/5/23 15:16,77
2024/5/23 15:45,73
2024/5/23 15:46,74
2024/5/23 16:00,76
2024/5/23 16:01,81
2024/5/23 16:03,86
2024/5/23 16:04,89
2024/5/23 16:16,87
2024/5/23 16:30,82
2024/5/23 16:31,79
2024/5/23 17:00,79
2024/5/23 17:01,81
2024/5/23 17:15,79
2024/5/23 17:16,82
2024/5/23 17:30,84
2024/5/23 17:31,86
2024/5/23 17:45,93
2024/5/23 17:46,94
2024/5/23 17:53,91
2024/5/23 17:54,84
2024/5/23 17:55,76
2024/5/23 17:59,68
2024/5/23 18:00,68
2024/5/23 18:30,71
2024/5/23 18:31,76
2024/5/23 18:46,78
2024/5/23 18:57,75
2024/5/23 18:58,73
2024/5/23 19:00,72
2024/5/23 19:01,74
2024/5/23 19:15,76
2024/5/23 19:16,78
2024/5/23 19:46,76
2024/5/23 19:49,75
2024/5/23 19:50,77
2024/5/23 20:00,80
2024/5/23 20:01,89
2024/5/23 20:15,91
2024/5/23 20:16,88
2024/5/23 20:31,89
2024/5/23 21:06,81
2024/5/23 21:07,82
2024/5/23 21:15,86
2024/5/23 21:16,84
2024/5/23 21:30,86
2024/5/23 21:31,84
2024/5/23 21:45,81
2024/5/23 21:46,78
2024/5/23 22:15,74
2024/5/23 22:16,71
2024/5/23 22:23,73
2024/5/23 22:30,73
2024/5/23 22:31,76
2024/5/23 22:45,79
2024/5/23 22:46,81
2024/5/23 23:00,81
2024/5/23 23:01,83
2024/5/23 23:15,81
2024/5/23 23:16,79
2024/5/23 23:30,78
2024/5/23 23:31,76
2024/5/23 23:46,73
2024/5/24 00:00,70
2024/5/24 00:01,67
2024/5/24 00:15,66
2024/5/24 00:16,66
2024/5/24 00:30,69
2024/5/24 00:31,73
2024/5/24 00:33,69
2024/5/24 00:45,76
2024/5/24 00:46,78
2024/5/24 01:00,76
2024/5/24 01:01,72
2024/5/24 01:12,70
2024/5/24 01:15,71
2024/5/24 01:16,71
2024/5/24 01:33,66
2024/5/24 01:45,73
2024/5/24 01:46,69
2024/5/24 02:00,67
2024/5/24 02:15,62
2024/5/24 02:16,59
2024/5/24 02:30,57
2024/5/24 02:31,55
2024/5/24 02:33,55
2024/5/24 02:45,57
2024/5/24 02:46,56
2024/5/24 03:00,56
2024/5/24 03:01,56
2024/5/24 03:03,54
2024/5/24 03:15,56
2024/5/24 03:16,59
2024/5/24 03:30,59
2024/5/24 03:31,58
2024/5/24 03:33,59
2024/5/24 03:45,56
2024/5/24 03:46,57
2024/5/24 04:03,57
2024/5/24 04:30,56
2024/5/24 04:31,55
2024/5/24 04:33,55
2024/5/24 04:45,54
2024/5/24 04:46,54
2024/5/24 05:00,55
2024/5/24 05:01,56
2024/5/24 05:03,59
2024/5/24 05:15,59
2024/5/24 05:16,58
2024/5/24 05:30,56
2024/5/24 05:31,54
2024/5/24 05:33,54
2024/5/24 05:45,53
2024/5/24 05:46,53
2024/5/24 06:00,54
2024/5/24 06:01,53
2024/5/24 06:03,53
2024/5/24 06:15,53
2024/5/24 06:16,53
2024/5/24 06:30,54
2024/5/24 06:31,55
2024/5/24 06:33,56
2024/5/24 06:45,59
2024/5/24 06:46,61
2024/5/24 07:00,63
2024/5/24 07:01,65
2024/5/24 07:03,64
2024/5/24 07:15,64
2024/5/24 07:16,62
2024/5/24 07:30,60
2024/5/24 07:31,59
2024/5/24 07:33,58
2024/5/24 07:45,57
2024/5/24 07:46,57
2024/5/24 08:03,56
2024/5/24 08:15,55
2024/5/24 08:16,55
2024/5/24 08:30,59
2024/5/24 08:31,60
2024/5/24 08:33,60
2024/5/24 09:00,65
2024/5/24 09:01,66
2024/5/24 09:15,69
2024/5/24 09:16,76
2024/5/24 09:17,78
2024/5/24 09:30,77
2024/5/24 09:31,75
2024/5/24 09:45,73
2024/5/24 09:46,69
2024/5/24 10:00,69
2024/5/24 10:01,69
2024/5/24 10:15,76
2024/5/24 10:16,82
2024/5/24 10:30,88
2024/5/24 10:31,93
2024/5/24 10:45,92
2024/5/24 10:46,91
2024/5/24 11:00,92
2024/5/24 11:01,92
2024/5/24 11:15,90
2024/5/24 11:16,88
2024/5/24 11:30,87
2024/5/24 11:31,84
2024/5/24 11:45,81
2024/5/24 11:46,79
2024/5/24 12:05,77
2024/5/24 12:06,79
2024/5/24 12:16,81
2024/5/24 12:24,77
2024/5/24 12:25,79
2024/5/24 12:30,75
2024/5/24 12:31,75
2024/5/24 12:45,79
2024/5/24 12:46,80
2024/5/24 13:00,77
2024/5/24 13:01,73
2024/5/24 13:15,72
2024/5/24 13:16,70
2024/5/24 13:17,72
2024/5/24 13:18,73
2024/5/24 13:30,76
2024/5/24 13:31,77
2024/5/24 13:46,79
2024/5/24 14:15,79
2024/5/24 14:16,80
2024/5/24 14:17,80
2024/5/24 14:30,80
2024/5/24 14:31,81
2024/5/24 14:33,87
2024/5/24 14:39,79
2024/5/24 14:40,80
2024/5/24 14:45,79
2024/5/24 14:46,79
2024/5/24 15:00,79
2024/5/24 15:01,82
2024/5/24 15:11,81
2024/5/24 15:12,80
2024/5/24 15:16,78
2024/5/24 15:19,71
2024/5/24 15:21,70
2024/5/24 15:22,70
2024/5/24 15:30,79
2024/5/24 15:31,88
2024/5/24 15:44,95
2024/5/24 15:45,98
2024/5/24 16:00,94
2024/5/24 16:01,90
2024/5/24 16:15,92
2024/5/24 16:16,96
2024/5/24 16:30,96
2024/5/24 16:31,97
2024/5/24 16:45,92
2024/5/24 16:46,90
2024/5/24 17:00,90
2024/5/24 17:01,90
2024/5/24 17:03,84
2024/5/24 17:30,94
2024/5/24 17:31,95
2024/5/24 18:00,89
2024/5/24 18:01,83
2024/5/24 18:15,75
2024/5/24 18:16,67
2024/5/24 18:45,69
2024/5/24 18:46,76
2024/5/24 19:00,86
2024/5/24 19:01,97
2024/5/24 19:16,96
2024/5/24 19:17,91
2024/5/24 19:30,85
2024/5/24 19:31,81
2024/5/24 19:45,83
2024/5/24 19:46,87
2024/5/24 20:01,89
2024/5/24 20:02,93
2024/5/24 20:30,95
2024/5/24 20:31,96
2024/5/24 20:45,92
2024/5/24 20:46,86
2024/5/24 21:00,88
2024/5/24 21:01,84
2024/5/24 21:15,85
2024/5/24 21:16,81
2024/5/24 21:30,76
2024/5/24 21:31,73
2024/5/24 21:33,75
2024/5/24 21:35,74
2024/5/24 21:36,74
2024/5/24 21:37,82
2024/5/24 21:46,83
2024/5/24 22:00,82
2024/5/24 22:01,82
2024/5/24 22:16,78
2024/5/24 23:30,81
2024/5/24 23:31,82
2024/5/25 00:00,76
2024/5/25 00:01,76
2024/5/25 00:15,71
2024/5/25 00:16,74
2024/5/25 00:30,72
2024/5/25 00:31,71
2024/5/25 00:33,76
2024/5/25 00:45,71
2024/5/25 00:46,70
2024/5/25 01:00,71
2024/5/25 01:01,70
2024/5/25 01:11,72
2024/5/25 01:12,76
2024/5/25 01:16,77
2024/5/25 02:00,69
2024/5/25 02:01,63
2024/5/25 02:03,56
2024/5/25 02:15,54
2024/5/25 02:16,53
2024/5/25 02:30,53
2024/5/25 02:31,53
2024/5/25 02:33,53
2024/5/25 02:45,54
2024/5/25 02:46,54
2024/5/25 03:00,55
2024/5/25 03:01,56
2024/5/25 03:03,57
2024/5/25 03:15,57
2024/5/25 03:16,58
2024/5/25 03:30,58
2024/5/25 03:31,57
2024/5/25 03:38,57
2024/5/25 03:45,57
2024/5/25 03:46,56
2024/5/25 04:00,55
2024/5/25 04:01,54
2024/5/25 04:03,54
2024/5/25 04:15,54
2024/5/25 04:16,54
2024/5/25 04:30,54
2024/5/25 04:31,53
2024/5/25 04:33,53
2024/5/25 04:45,53
2024/5/25 04:46,53
2024/5/25 05:00,54
2024/5/25 05:01,54
2024/5/25 05:03,54
2024/5/25 05:15,55
2024/5/25 05:16,54
2024/5/25 05:30,53
2024/5/25 05:31,55
2024/5/25 05:33,54
2024/5/25 05:45,55
2024/5/25 05:46,55
2024/5/25 06:00,57
2024/5/25 06:01,58
2024/5/25 06:03,61
2024/5/25 06:30,62
2024/5/25 06:31,61
2024/5/25 06:33,60
2024/5/25 06:45,59
2024/5/25 06:46,60
2024/5/25 07:00,61
2024/5/25 07:01,61
2024/5/25 07:03,61
2024/5/25 07:15,61
2024/5/25 07:16,61
2024/5/25 07:30,61
2024/5/25 07:31,61
2024/5/25 07:33,60
2024/5/25 07:45,58
2024/5/25 07:46,57
2024/5/25 08:00,56
2024/5/25 08:01,56
2024/5/25 08:03,61
2024/5/25 08:15,58
2024/5/25 08:16,59
2024/5/25 08:30,59
2024/5/25 08:31,61
2024/5/25 08:45,61
2024/5/25 08:46,60
2024/5/25 09:00,58
2024/5/25 09:01,57
2024/5/25 09:03,57
2024/5/25 09:15,56
2024/5/25 09:16,56
2024/5/25 09:30,55
2024/5/25 09:31,54
2024/5/25 09:33,57
2024/5/25 09:45,60
2024/5/25 09:46,60
2024/5/25 10:00,60
2024/5/25 10:01,58
2024/5/25 10:03,56
2024/5/25 10:15,56
2024/5/25 10:16,57
2024/5/25 10:30,60
2024/5/25 10:31,63
2024/5/25 10:33,63
2024/5/25 10:45,62
2024/5/25 10:46,60
2024/5/25 11:00,57
2024/5/25 11:01,56
2024/5/25 11:03,57
2024/5/25 11:15,58
2024/5/25 11:16,59
2024/5/25 11:30,59
2024/5/25 11:31,59
2024/5/25 11:33,57
2024/5/25 11:45,57
2024/5/25 11:46,59
2024/5/25 12:00,63
2024/5/25 12:01,66
2024/5/25 12:03,76
2024/5/25 12:05,68
2024/5/25 12:06,78
2024/5/25 12:16,81
2024/5/25 12:30,85
2024/5/25 12:31,82
2024/5/25 12:33,74
2024/5/25 12:45,85
2024/5/25 12:46,84
2024/5/25 13:00,85
2024/5/25 13:01,84
2024/5/25 13:15,83
2024/5/25 13:16,83
2024/5/25 13:31,78
2024/5/25 13:46,74
2024/5/25 14:00,72
2024/5/25 14:01,71
2024/5/25 14:30,70
2024/5/25 14:31,71
2024/5/25 14:45,70
2024/5/25 14:46,68
2024/5/25 15:00,69
2024/5/25 15:01,70
2024/5/25 15:15,69
2024/5/25 15:16,70
2024/5/25 15:30,68
2024/5/25 15:31,67
2024/5/25 15:45,68
2024/5/25 15:46,71
2024/5/25 16:00,72
2024/5/25 16:01,75
2024/5/25 16:16,74
2024/5/25 16:30,72
2024/5/25 16:31,74
2024/5/25 16:45,72
2024/5/25 16:46,72
2024/5/25 17:00,73
2024/5/25 17:01,73
2024/5/25 17:16,74
2024/5/25 17:31,79
2024/5/25 17:41,77
2024/5/25 17:45,81
2024/5/25 17:46,87
2024/5/25 18:00,81
2024/5/25 18:01,81
2024/5/25 18:15,76
2024/5/25 18:16,71
2024/5/25 18:30,70
2024/5/25 18:31,70
2024/5/25 18:45,71
2024/5/25 18:46,69
2024/5/25 19:00,72
2024/5/25 19:01,75
2024/5/25 19:15,73
2024/5/25 19:16,72
2024/5/25 19:19,68
2024/5/25 19:20,67
2024/5/25 19:30,69
2024/5/25 19:31,69
2024/5/25 19:45,69
2024/5/25 19:46,66
2024/5/25 20:01,63
2024/5/25 20:15,63
2024/5/25 20:16,65
2024/5/25 20:30,71
2024/5/25 20:31,77
2024/5/25 20:45,78
2024/5/25 20:46,80
2024/5/25 21:00,75
2024/5/25 21:01,70
2024/5/25 22:15,70
2024/5/25 22:16,71
2024/5/25 22:30,70
2024/5/25 22:31,72
2024/5/25 22:45,74
2024/5/25 22:46,72
2024/5/25 23:00,71
2024/5/25 23:01,73
2024/5/25 23:02,72
2024/5/25 23:15,73
2024/5/25 23:16,77
2024/5/25 23:45,72
2024/5/25 23:46,70
2024/5/26 00:15,66
2024/5/26 00:16,65
2024/5/26 00:30,65
2024/5/26 00:31,65
2024/5/26 00:33,67
2024/5/26 00:46,69
2024/5/26 01:00,67
2024/5/26 01:01,64
2024/5/26 01:03,62
2024/5/26 01:15,59
2024/5/26 01:16,61
2024/5/26 01:30,60
2024/5/26 01:31,59
2024/5/26 01:33,59
2024/5/26 01:45,55
2024/5/26 01:46,55
2024/5/26 02:00,55
2024/5/26 02:01,55
2024/5/26 02:03,55
2024/5/26 02:15,55
2024/5/26 02:16,55
2024/5/26 02:30,54
2024/5/26 02:31,54
2024/5/26 02:33,53
2024/5/26 02:45,52
2024/5/26 02:46,52
2024/5/26 03:00,52
2024/5/26 03:01,52
2024/5/26 03:03,53
2024/5/26 03:15,53
2024/5/26 03:16,52
2024/5/26 03:30,50
2024/5/26 03:31,49
2024/5/26 03:33,48
2024/5/26 03:45,48
2024/5/26 03:46,49
2024/5/26 04:00,49
2024/5/26 04:01,50
2024/5/26 04:03,52
2024/5/26 04:15,54
2024/5/26 04:16,57
2024/5/26 04:30,58
2024/5/26 04:31,57
2024/5/26 04:33,55
2024/5/26 04:45,56
2024/5/26 04:46,56
2024/5/26 05:00,56
2024/5/26 05:01,56
2024/5/26 05:03,55
2024/5/26 05:15,54
2024/5/26 05:16,55
2024/5/26 05:30,55
2024/5/26 05:31,56
2024/5/26 05:45,54
2024/5/26 05:46,54
2024/5/26 06:00,53
2024/5/26 06:01,55
2024/5/26 06:03,57
2024/5/26 06:15,57
2024/5/26 06:16,58
2024/5/26 06:30,58
2024/5/26 06:31,58
2024/5/26 06:33,58
2024/5/26 06:45,57
2024/5/26 06:46,57
2024/5/26 07:00,55
2024/5/26 07:01,54
2024/5/26 07:03,54
2024/5/26 07:15,54
2024/5/26 07:16,55
2024/5/26 07:30,55
2024/5/26 07:31,54
2024/5/26 07:33,54
2024/5/26 07:45,55
2024/5/26 07:46,56
2024/5/26 08:00,59
2024/5/26 08:01,60
2024/5/26 08:03,61
2024/5/26 08:15,60
2024/5/26 08:16,61
2024/5/26 08:30,60
2024/5/26 08:31,58
2024/5/26 08:33,58
2024/5/26 08:45,56
2024/5/26 08:46,54
2024/5/26 09:00,54
2024/5/26 09:01,54
2024/5/26 09:03,54
2024/5/26 09:15,56
2024/5/26 09:16,57
2024/5/26 09:30,58
2024/5/26 09:31,60
2024/5/26 09:33,60
2024/5/26 09:45,60
2024/5/26 09:46,59
2024/5/26 10:00,63
2024/5/26 10:01,65
2024/5/26 10:02,66
2024/5/26 10:03,67
2024/5/26 10:08,67
2024/5/26 10:15,68
2024/5/26 10:16,70
2024/5/26 10:30,73
2024/5/26 10:31,76
2024/5/26 10:33,83
2024/5/26 10:45,76
2024/5/26 10:46,79
2024/5/26 10:53,77
2024/5/26 10:54,77
2024/5/26 10:55,81
2024/5/26 11:00,81
2024/5/26 11:01,84
2024/5/26 11:15,84
2024/5/26 11:16,83
2024/5/26 11:30,84
2024/5/26 11:31,87
2024/5/26 11:45,86
2024/5/26 11:46,82
2024/5/26 12:00,84
2024/5/26 12:01,84
2024/5/26 12:15,82
2024/5/26 12:16,85
2024/5/26 12:30,84
2024/5/26 12:31,82
2024/5/26 12:45,88
2024/5/26 12:46,90
2024/5/26 13:00,88
2024/5/26 13:01,86
2024/5/26 13:14,82
2024/5/26 13:15,79
2024/5/26 13:30,75
2024/5/26 13:31,71
2024/5/26 13:45,73
2024/5/26 13:46,75
2024/5/26 14:15,83
2024/5/26 14:16,95
2024/5/26 14:30,96
2024/5/26 14:31,97
2024/5/26 14:45,90
2024/5/26 14:46,84
2024/5/26 15:00,84
2024/5/26 15:01,85
2024/5/26 15:15,86
2024/5/26 15:16,82
2024/5/26 15:30,75
2024/5/26 15:39,74
2024/5/26 15:40,76
2024/5/26 15:42,81
2024/5/26 15:43,87
2024/5/26 15:45,84
2024/5/26 15:46,80
2024/5/26 15:58,76
2024/5/26 15:59,71
2024/5/26 16:00,71
2024/5/26 16:01,73
2024/5/26 16:06,76
2024/5/26 16:07,78
2024/5/26 16:15,76
2024/5/26 16:16,72
2024/5/26 18:35,74
2024/5/26 18:36,77
2024/5/26 18:42,78
2024/5/26 18:43,79
2024/5/26 18:45,78
2024/5/26 18:46,78
2024/5/26 18:59,81
2024/5/26 19:00,84
2024/5/26 19:15,83
2024/5/26 19:16,84
2024/5/26 19:31,84
2024/5/26 19:33,57
2024/5/26 19:45,83
2024/5/26 19:46,83
2024/5/26 20:01,79
2024/5/26 21:00,80
2024/5/26 21:01,79
2024/5/26 21:15,77
2024/5/26 21:16,84
2024/5/26 21:30,86
2024/5/26 21:31,91
2024/5/26 21:45,91
2024/5/26 21:46,87
2024/5/26 22:00,88
2024/5/26 22:01,86
2024/5/26 22:15,82
2024/5/26 22:16,82
2024/5/26 22:30,80
2024/5/26 22:31,77
2024/5/26 22:45,79
2024/5/26 22:46,78
2024/5/26 23:15,77
2024/5/26 23:16,75
2024/5/26 23:30,72
2024/5/26 23:31,69
2024/5/26 23:45,67
2024/5/26 23:46,66
2024/5/27 00:00,69
2024/5/27 00:01,73
2024/5/27 00:30,74
2024/5/27 00:31,75
2024/5/27 00:45,72
2024/5/27 00:46,68
2024/5/27 01:00,64
2024/5/27 01:01,59
2024/5/27 01:15,54
2024/5/27 01:16,53
2024/5/27 01:30,53
2024/5/27 01:31,52
2024/5/27 01:36,54
2024/5/27 01:46,54
2024/5/27 01:50,56
2024/5/27 02:00,57
2024/5/27 02:01,55
2024/5/27 02:03,56
2024/5/27 02:30,53
2024/5/27 02:31,53
2024/5/27 02:33,53
2024/5/27 02:45,52
2024/5/27 02:46,52
2024/5/27 03:00,54
2024/5/27 03:01,55
2024/5/27 03:03,56
2024/5/27 03:15,57
2024/5/27 03:16,56
2024/5/27 03:30,54
2024/5/27 03:31,54
2024/5/27 03:33,53
2024/5/27 03:45,53
2024/5/27 03:46,55
2024/5/27 04:00,56
2024/5/27 04:01,56
2024/5/27 04:03,56
2024/5/27 04:15,55
2024/5/27 04:16,56
2024/5/27 04:31,55
2024/5/27 04:33,55
2024/5/27 04:45,57
2024/5/27 04:46,58
2024/5/27 05:00,62
2024/5/27 05:03,63
2024/5/27 05:15,61
2024/5/27 05:16,59
2024/5/27 05:30,54
2024/5/27 05:31,53
2024/5/27 05:33,52
2024/5/27 05:45,53
2024/5/27 05:46,54
2024/5/27 06:00,58
2024/5/27 06:01,62
2024/5/27 06:03,65
2024/5/27 06:15,72
2024/5/27 06:16,70
2024/5/27 06:30,68
2024/5/27 06:31,67
2024/5/27 06:33,61
2024/5/27 06:45,61
2024/5/27 06:46,62
2024/5/27 07:00,61
2024/5/27 07:01,62
2024/5/27 07:03,60
2024/5/27 07:15,57
2024/5/27 07:16,55
2024/5/27 07:30,55
2024/5/27 07:31,55
2024/5/27 07:33,57
2024/5/27 07:45,57
2024/5/27 07:46,56
2024/5/27 08:00,59
2024/5/27 08:01,62
2024/5/27 08:03,63
2024/5/27 08:11,66
2024/5/27 08:12,63
2024/5/27 08:15,59
2024/5/27 08:16,58
2024/5/27 08:30,57
2024/5/27 08:31,56
2024/5/27 08:33,56
2024/5/27 08:45,57
2024/5/27 08:46,56
2024/5/27 09:00,59
2024/5/27 09:01,62
2024/5/27 09:03,65
2024/5/27 09:15,68
2024/5/27 09:16,71
2024/5/27 09:23,72
2024/5/27 09:25,73
2024/5/27 09:26,74
2024/5/27 09:29,73
2024/5/27 09:30,73
2024/5/27 09:46,74
2024/5/27 10:01,75
2024/5/27 10:16,77
2024/5/27 10:30,85
2024/5/27 10:31,91
2024/5/27 11:01,96
2024/5/27 11:15,102
2024/5/27 11:16,102
2024/5/27 11:30,97
2024/5/27 11:31,94
2024/5/27 11:38,90
2024/5/27 11:39,85
2024/5/27 11:56,84
2024/5/27 11:57,85
2024/5/27 12:00,84
2024/5/27 12:01,83
2024/5/27 12:09,84
2024/5/27 12:10,83
2024/5/27 12:15,86
2024/5/27 12:16,91
2024/5/27 12:25,92
2024/5/27 12:31,95
2024/5/27 12:32,94
2024/5/27 12:45,95
2024/5/27 12:48,98
2024/5/27 13:00,101
2024/5/27 13:01,103
2024/5/27 13:04,107
2024/5/27 13:30,104
2024/5/27 13:31,99
2024/5/27 13:33,79
2024/5/27 13:39,92
2024/5/27 13:40,84
2024/5/27 13:43,82
2024/5/27 13:44,81
2024/5/27 13:45,83
2024/5/27 14:00,82
2024/5/27 14:01,81
2024/5/27 14:15,80
2024/5/27 14:16,78
2024/5/27 14:30,77
2024/5/27 14:31,75
2024/5/27 15:00,72
2024/5/27 15:01,69
2024/5/27 15:15,71
2024/5/27 15:16,75
2024/5/27 15:20,81
2024/5/27 15:23,87
2024/5/27 15:30,87
2024/5/27 15:31,86
2024/5/27 15:32,86
2024/5/27 15:37,84
2024/5/27 15:38,86
2024/5/27 15:45,86
2024/5/27 15:46,86
2024/5/27 16:00,87
2024/5/27 16:01,88
2024/5/27 16:15,87
2024/5/27 16:16,84
2024/5/27 16:20,82
2024/5/27 16:21,82
2024/5/27 16:30,79
2024/5/27 16:31,79
2024/5/27 16:33,78
2024/5/27 16:45,78
2024/5/27 16:46,77
2024/5/27 17:00,77
2024/5/27 17:01,76
2024/5/27 17:15,77
2024/5/27 17:16,78
2024/5/27 17:30,77
2024/5/27 17:31,78
2024/5/27 17:33,68
2024/5/27 17:45,77
2024/5/27 17:46,79
2024/5/27 18:00,78
2024/5/27 18:01,78
2024/5/27 18:07,77
2024/5/27 18:08,75
2024/5/27 18:16,75
2024/5/27 18:30,73
2024/5/27 18:31,71
2024/5/27 18:37,74
2024/5/27 18:45,72
2024/5/27 18:46,71
2024/5/27 19:15,76
2024/5/27 19:16,79
2024/5/27 19:30,86
2024/5/27 19:31,93
2024/5/27 19:45,96
2024/5/27 19:46,97
2024/5/27 20:15,98
2024/5/27 20:16,100
2024/5/27 20:30,97
2024/5/27 20:31,94
2024/5/27 20:45,94
2024/5/27 20:46,93
2024/5/27 22:17,92
2024/5/27 22:18,91
2024/5/27 22:30,90
2024/5/27 22:31,89
2024/5/27 22:46,87
2024/5/27 23:01,84
2024/5/27 23:15,81
2024/5/27 23:16,80
2024/5/27 23:30,81
2024/5/27 23:31,83
2024/5/27 23:45,84
2024/5/27 23:46,84
2024/5/28 00:00,84
2024/5/28 00:01,86
2024/5/28 00:15,84
2024/5/28 00:16,81
2024/5/28 00:30,79
2024/5/28 00:31,74
2024/5/28 00:45,73
2024/5/28 00:46,72
2024/5/28 01:00,70
2024/5/28 01:01,70
2024/5/28 01:15,65
2024/5/28 01:16,62
2024/5/28 01:30,61
2024/5/28 01:31,61
2024/5/28 01:33,59
2024/5/28 01:45,61
2024/5/28 01:46,60
2024/5/28 02:00,60
2024/5/28 02:15,59
2024/5/28 02:16,59
2024/5/28 02:30,59
2024/5/28 02:31,58
2024/5/28 02:33,60
2024/5/28 02:45,60
2024/5/28 02:46,60
2024/5/28 03:00,59
2024/5/28 03:01,57
2024/5/28 03:03,57
2024/5/28 03:15,56
2024/5/28 03:16,56
2024/5/28 03:30,56
2024/5/28 03:31,55
2024/5/28 03:33,55
2024/5/28 03:45,55
2024/5/28 03:46,55
2024/5/28 04:00,57
2024/5/28 04:01,58
2024/5/28 04:03,61
2024/5/28 04:15,62
2024/5/28 04:16,61
2024/5/28 04:30,61
2024/5/28 04:31,60
2024/5/28 04:33,58
2024/5/28 04:45,57
2024/5/28 04:46,55
2024/5/28 05:00,54
2024/5/28 05:01,55
2024/5/28 05:08,56
2024/5/28 05:15,58
2024/5/28 05:16,58
2024/5/28 05:30,57
2024/5/28 05:31,58
2024/5/28 05:33,58
2024/5/28 05:45,59
2024/5/28 05:46,59
2024/5/28 06:00,59
2024/5/28 06:01,56
2024/5/28 06:03,57
2024/5/28 06:15,62
2024/5/28 06:16,66
2024/5/28 06:30,63
2024/5/28 06:31,61
2024/5/28 06:33,63
2024/5/28 06:45,58
2024/5/28 06:46,57
2024/5/28 07:00,59
2024/5/28 07:01,62
2024/5/28 07:15,65
2024/5/28 07:16,64
2024/5/28 07:30,63
2024/5/28 07:31,61
2024/5/28 07:33,60
2024/5/28 07:41,65
2024/5/28 07:42,67
2024/5/28 07:45,68
2024/5/28 07:46,70
2024/5/28 08:00,65
2024/5/28 08:01,65
2024/5/28 08:02,66
2024/5/28 08:15,66
2024/5/28 08:16,66
2024/5/28 08:30,69
2024/5/28 08:31,70
2024/5/28 08:33,70
2024/5/28 08:45,70
2024/5/28 08:46,67
2024/5/28 09:00,65
2024/5/28 09:01,65
2024/5/28 09:03,64
2024/5/28 09:15,66
2024/5/28 09:16,68
2024/5/28 09:30,68
2024/5/28 09:31,72
2024/5/28 09:45,68
2024/5/28 09:46,64
2024/5/28 10:00,68
2024/5/28 10:01,69
2024/5/28 10:03,71
2024/5/28 10:15,73
2024/5/28 10:16,68
2024/5/28 10:30,68
2024/5/28 10:31,67
2024/5/28 10:33,66
2024/5/28 10:45,65
2024/5/28 10:46,60
2024/5/28 11:15,65
2024/5/28 11:16,69
2024/5/28 11:31,75
2024/5/28 11:45,84
2024/5/28 11:46,88
2024/5/28 12:00,87
2024/5/28 12:01,87
2024/5/28 12:03,90
2024/5/28 12:15,84
2024/5/28 12:16,82
2024/5/28 12:31,84
2024/5/28 12:46,82
2024/5/28 13:00,82
2024/5/28 13:01,84
2024/5/28 13:15,83
2024/5/28 13:16,86
2024/5/28 13:30,85
2024/5/28 13:31,82
2024/5/28 13:45,82
2024/5/28 13:46,80
2024/5/28 13:57,78
2024/5/28 13:58,76
2024/5/28 14:00,80
2024/5/28 14:01,81
2024/5/28 14:15,84
2024/5/28 14:16,88
2024/5/28 14:30,81
2024/5/28 14:45,80
2024/5/28 14:46,79
2024/5/28 14:56,75
2024/5/28 14:57,77
2024/5/28 15:30,78
2024/5/28 15:31,82
2024/5/28 15:32,88
2024/5/28 15:46,93
2024/5/28 15:48,91
2024/5/28 15:50,91
2024/5/28 15:51,94
2024/5/28 16:01,88
2024/5/28 16:15,84
2024/5/28 16:16,76
2024/5/28 16:28,75
2024/5/28 16:30,74
2024/5/28 16:31,75
2024/5/28 16:46,75
2024/5/28 17:15,75
2024/5/28 17:16,73
2024/5/28 17:30,72
2024/5/28 17:31,73
2024/5/28 17:38,71
2024/5/28 17:46,74
2024/5/28 18:01,75
2024/5/28 18:04,75
2024/5/28 18:05,78
2024/5/28 18:31,81
2024/5/28 19:01,82
2024/5/28 19:15,84
2024/5/28 19:16,82
2024/5/28 19:30,81
2024/5/28 19:31,83
2024/5/28 19:46,80
2024/5/28 22:19,78
2024/5/28 22:20,78
2024/5/28 22:30,78
2024/5/28 22:31,82
2024/5/28 22:45,82
2024/5/28 22:46,81
2024/5/28 23:00,79
2024/5/28 23:01,76
2024/5/28 23:15,76
2024/5/28 23:16,76
2024/5/28 23:45,75
2024/5/29 00:16,71
2024/5/29 00:30,66
2024/5/29 00:31,63
2024/5/29 00:33,62
2024/5/29 00:45,57
2024/5/29 00:46,57
2024/5/29 01:00,57
2024/5/29 01:01,57
2024/5/29 01:03,57
2024/5/29 01:15,56
2024/5/29 01:16,55
2024/5/29 01:30,55
2024/5/29 01:31,54
2024/5/29 01:33,56
2024/5/29 01:45,56
2024/5/29 01:46,56
2024/5/29 02:00,56
2024/5/29 02:01,55
2024/5/29 02:03,55
2024/5/29 02:15,55
2024/5/29 02:16,56
2024/5/29 02:30,59
2024/5/29 02:31,58
2024/5/29 02:33,59
2024/5/29 02:45,58
2024/5/29 02:46,55
2024/5/29 03:00,55
2024/5/29 03:01,54
2024/5/29 03:03,54
2024/5/29 03:15,54
2024/5/29 03:16,53
2024/5/29 03:30,52
2024/5/29 03:31,51
2024/5/29 03:33,52
2024/5/29 03:45,51
2024/5/29 03:46,51
2024/5/29 04:00,51
2024/5/29 04:01,49
2024/5/29 04:03,49
2024/5/29 04:15,47
2024/5/29 04:16,48
2024/5/29 04:30,49
2024/5/29 04:31,50
2024/5/29 04:33,54
2024/5/29 04:45,54
2024/5/29 04:46,53
2024/5/29 05:00,53
2024/5/29 05:01,52
2024/5/29 05:03,54
2024/5/29 05:15,55
2024/5/29 05:16,55
2024/5/29 05:30,55
2024/5/29 05:31,55
2024/5/29 05:33,55
2024/5/29 05:45,55
2024/5/29 05:46,56
2024/5/29 06:00,56
2024/5/29 06:01,56
2024/5/29 06:03,57
2024/5/29 06:15,56
2024/5/29 06:16,57
2024/5/29 06:30,55
2024/5/29 06:31,55
2024/5/29 06:33,55
2024/5/29 06:45,54
2024/5/29 06:46,54
2024/5/29 07:00,54
2024/5/29 07:01,54
2024/5/29 07:03,55
2024/5/29 07:15,55
2024/5/29 07:16,55
2024/5/29 07:30,54
2024/5/29 07:31,52
2024/5/29 07:33,55
2024/5/29 07:45,52
2024/5/29 07:46,53
2024/5/29 08:00,58
2024/5/29 08:01,61
2024/5/29 08:03,55
2024/5/29 08:15,60
2024/5/29 08:16,59
2024/5/29 08:30,63
2024/5/29 08:31,67
2024/5/29 08:45,67
2024/5/29 08:46,67
2024/5/29 09:00,62
2024/5/29 09:01,55
2024/5/29 09:15,56
2024/5/29 09:16,57
2024/5/29 09:31,61
2024/5/29 09:45,65
2024/5/29 09:46,67
2024/5/29 10:03,91
2024/5/29 10:15,74
2024/5/29 10:16,79
2024/5/29 10:30,79
2024/5/29 10:31,80
2024/5/29 10:45,79
2024/5/29 10:46,79
2024/5/29 11:00,85
2024/5/29 11:01,91
2024/5/29 11:15,89
2024/5/29 11:45,95
2024/5/29 11:46,101
2024/5/29 12:00,93
2024/5/29 12:01,94
2024/5/29 12:15,87
2024/5/29 12:16,81
2024/5/29 12:19,85
2024/5/29 12:20,88
2024/5/29 12:40,91
2024/5/29 12:41,90
2024/5/29 12:42,91
2024/5/29 12:45,87
2024/5/29 12:46,86
2024/5/29 12:59,82
2024/5/29 13:03,79
2024/5/29 13:04,79
2024/5/29 13:30,78
2024/5/29 13:31,80
2024/5/29 13:33,87
2024/5/29 13:45,77
2024/5/29 13:46,77
2024/5/29 13:53,75
2024/5/29 13:54,74
2024/5/29 14:00,76
2024/5/29 14:01,74
2024/5/29 14:11,74
2024/5/29 14:12,74
2024/5/29 14:13,76
2024/5/29 14:14,80
2024/5/29 14:15,82
2024/5/29 14:16,84
2024/5/29 14:31,79
2024/5/29 14:45,78
2024/5/29 14:46,84
2024/5/29 15:00,79
2024/5/29 15:01,80
2024/5/29 15:15,80
2024/5/29 15:16,75
2024/5/29 15:30,82
2024/5/29 15:31,87
2024/5/29 15:45,88
2024/5/29 15:46,87
2024/5/29 16:00,86
2024/5/29 16:01,87
2024/5/29 16:03,68
2024/5/29 16:15,87
2024/5/29 16:16,86
2024/5/29 16:30,82
2024/5/29 16:31,81
2024/5/29 16:44,81
2024/5/29 16:45,80
2024/5/29 17:00,83
2024/5/29 17:01,83
2024/5/29 17:16,80
2024/5/29 17:26,77
2024/5/29 17:27,72
2024/5/29 17:30,70
2024/5/29 17:31,70
2024/5/29 17:45,70
2024/5/29 17:46,69
2024/5/29 18:00,68
2024/5/29 18:01,70
2024/5/29 18:02,70
2024/5/29 18:03,73
2024/5/29 18:30,73
2024/5/29 18:31,73
2024/5/29 18:45,70
2024/5/29 18:46,68
2024/5/29 19:00,68
2024/5/29 19:01,66
2024/5/29 19:15,67
2024/5/29 19:16,66
2024/5/29 19:30,63
2024/5/29 19:31,63
2024/5/29 19:45,70
2024/5/29 19:46,75
2024/5/29 20:00,77
2024/5/29 20:01,81
2024/5/29 20:15,82
2024/5/29 20:16,84
2024/5/29 20:45,84
2024/5/29 20:46,85
2024/5/29 21:00,80
2024/5/29 21:01,80
2024/5/29 21:15,79
2024/5/29 21:16,74
2024/5/29 22:00,74
2024/5/29 22:01,71
2024/5/29 22:15,76
2024/5/29 22:16,79
2024/5/29 22:30,83
2024/5/29 22:31,87
2024/5/29 22:45,92
2024/5/29 22:46,99
2024/5/29 23:00,101
2024/5/29 23:01,101
2024/5/29 23:15,97
2024/5/29 23:16,92
2024/5/29 23:30,88
2024/5/29 23:31,87
2024/5/29 23:45,83
2024/5/29 23:46,78
2024/5/30 00:00,74
2024/5/30 00:01,70
2024/5/30 00:15,70
2024/5/30 00:16,71
2024/5/30 00:30,70
2024/5/30 00:31,69
2024/5/30 00:34,69
2024/5/30 00:45,68
2024/5/30 00:46,71
2024/5/30 01:00,72
2024/5/30 01:01,70
2024/5/30 01:03,66
2024/5/30 01:06,69
2024/5/30 01:15,67
2024/5/30 01:16,68
2024/5/30 01:30,68
2024/5/30 01:31,69
2024/5/30 01:33,56
2024/5/30 01:45,66
2024/5/30 01:46,63
2024/5/30 02:00,60
2024/5/30 02:01,57
2024/5/30 02:15,56
2024/5/30 02:16,56
2024/5/30 02:30,54
2024/5/30 02:31,54
2024/5/30 02:33,54
2024/5/30 02:45,54
2024/5/30 02:46,56
2024/5/30 03:00,56
2024/5/30 03:01,57
2024/5/30 03:03,57
2024/5/30 03:15,54
2024/5/30 03:16,54
2024/5/30 03:30,53
2024/5/30 03:31,53
2024/5/30 03:33,53
2024/5/30 03:45,53
2024/5/30 03:46,53
2024/5/30 04:00,53
2024/5/30 04:01,55
2024/5/30 04:03,57
2024/5/30 04:15,59
2024/5/30 04:16,60
2024/5/30 04:30,62
2024/5/30 04:31,62
2024/5/30 04:33,53
2024/5/30 04:45,60
2024/5/30 04:46,59
2024/5/30 05:00,55
2024/5/30 05:01,53
2024/5/30 05:15,53
2024/5/30 05:16,53
2024/5/30 05:30,54
2024/5/30 05:31,53
2024/5/30 05:33,53
2024/5/30 06:00,53
2024/5/30 06:01,55
2024/5/30 06:03,55
2024/5/30 06:15,55
2024/5/30 06:16,55
2024/5/30 06:30,54
2024/5/30 06:31,55
2024/5/30 06:33,57
2024/5/30 06:45,56
2024/5/30 06:46,56
2024/5/30 07:00,55
2024/5/30 07:01,53
2024/5/30 07:03,52
2024/5/30 07:15,50
2024/5/30 07:16,50
2024/5/30 07:30,50
2024/5/30 07:31,50
2024/5/30 07:33,50
2024/5/30 07:45,51
2024/5/30 07:46,52
2024/5/30 08:00,52
2024/5/30 08:01,52
2024/5/30 08:03,54
2024/5/30 08:15,55
2024/5/30 08:16,56
2024/5/30 08:30,56
2024/5/30 08:31,55
2024/5/30 08:33,55
2024/5/30 08:45,53
2024/5/30 08:46,53
2024/5/30 09:00,60
2024/5/30 09:01,65
2024/5/30 09:03,66
2024/5/30 09:15,66
2024/5/30 09:16,59
2024/5/30 09:30,52
2024/5/30 09:31,51
2024/5/30 09:33,51
2024/5/30 10:00,54
2024/5/30 10:01,58
2024/5/30 10:03,63
2024/5/30 10:15,70
2024/5/30 10:16,75
2024/5/30 10:31,76
2024/5/30 10:45,80
2024/5/30 10:46,81
2024/5/30 11:00,79
2024/5/30 11:01,80
2024/5/30 11:03,77
2024/5/30 11:15,82
2024/5/30 11:16,83
2024/5/30 11:30,84
2024/5/30 11:31,83
2024/5/30 11:45,81
2024/5/30 11:46,76
2024/5/30 11:54,73
2024/5/30 11:55,73
2024/5/30 12:00,67
2024/5/30 12:15,66
2024/5/30 12:16,69
2024/5/30 12:31,67
2024/5/30 12:44,83
2024/5/30 13:00,85
2024/5/30 13:01,92
2024/5/30 13:04,92
2024/5/30 13:05,96
2024/5/30 13:23,98
2024/5/30 13:30,98
2024/5/30 13:31,97
2024/5/30 13:45,90
2024/5/30 13:46,89
2024/5/30 14:00,85
2024/5/30 14:01,84
2024/5/30 14:15,84
2024/5/30 14:16,83
2024/5/30 14:30,83
2024/5/30 14:31,81
2024/5/30 14:45,83
2024/5/30 14:46,84
2024/5/30 15:16,86
2024/5/30 15:30,86
2024/5/30 15:31,83
2024/5/30 15:33,82
2024/5/30 15:34,81
2024/5/30 16:00,79
2024/5/30 16:01,79
2024/5/30 16:08,81
2024/5/30 16:15,77
2024/5/30 16:16,75
2024/5/30 16:31,73
2024/5/30 16:33,73
2024/5/30 16:45,70
2024/5/30 16:46,69
2024/5/30 17:01,67
2024/5/30 17:15,67
2024/5/30 17:16,68
2024/5/30 17:30,67
2024/5/30 17:31,68
2024/5/30 18:01,69
2024/5/30 18:12,69
2024/5/30 18:13,68
2024/5/30 18:18,66
2024/5/30 18:20,66
2024/5/30 18:21,67
2024/5/30 18:27,67
2024/5/30 18:30,72
2024/5/30 18:31,76
2024/5/30 18:41,80
2024/5/30 18:42,84
2024/5/30 18:44,82
2024/5/30 18:45,80
2024/5/30 18:46,80
2024/5/30 19:00,79
2024/5/30 19:01,79
2024/5/30 19:06,77
2024/5/30 19:07,82
2024/5/30 19:15,81
2024/5/30 19:16,84
2024/5/30 19:45,84
2024/5/30 19:46,79
2024/5/30 20:00,80
2024/5/30 20:01,77
2024/5/30 20:15,77
2024/5/30 20:16,76
2024/5/30 20:45,74
2024/5/30 20:46,73
2024/5/30 21:00,71
2024/5/30 21:01,69
2024/5/30 21:15,66
2024/5/30 21:30,66
2024/5/30 21:31,68
2024/5/30 21:57,69
2024/5/30 22:00,74
2024/5/30 22:01,78
2024/5/30 22:15,79
2024/5/30 22:16,79
2024/5/30 22:30,78
2024/5/30 22:31,76
2024/5/30 23:00,77
2024/5/30 23:01,82
2024/5/30 23:15,82
2024/5/30 23:16,81
2024/5/30 23:30,80
2024/5/30 23:31,77
2024/5/30 23:45,78
2024/5/30 23:46,79
2024/5/31 00:15,76
2024/5/31 00:16,75
2024/5/31 00:30,72
2024/5/31 00:31,68
2024/5/31 01:15,67
2024/5/31 01:16,66
2024/5/31 01:30,69
2024/5/31 01:31,72
2024/5/31 01:33,75
2024/5/31 01:34,75
2024/5/31 01:45,70
2024/5/31 01:46,68
2024/5/31 02:00,68
2024/5/31 02:03,65
2024/5/31 02:15,61
2024/5/31 02:16,58
2024/5/31 02:30,55
2024/5/31 02:31,54
2024/5/31 02:33,54
2024/5/31 02:45,54
2024/5/31 02:46,54
2024/5/31 03:00,54
2024/5/31 03:01,53
2024/5/31 03:03,53
2024/5/31 03:15,55
2024/5/31 03:16,57
2024/5/31 03:30,58
2024/5/31 03:31,58
2024/5/31 03:33,56
2024/5/31 03:45,54
2024/5/31 03:46,54
2024/5/31 04:00,54
2024/5/31 04:01,54
2024/5/31 04:03,55
2024/5/31 04:15,55
2024/5/31 04:16,56
2024/5/31 04:30,57
2024/5/31 04:31,57
2024/5/31 04:33,58
2024/5/31 04:45,59
2024/5/31 04:46,61
2024/5/31 05:00,63
2024/5/31 05:01,65
2024/5/31 05:03,65
2024/5/31 05:15,61
2024/5/31 05:16,59
2024/5/31 05:30,57
2024/5/31 05:31,56
2024/5/31 05:33,56
2024/5/31 05:45,57
2024/5/31 05:46,57
2024/5/31 06:00,56
2024/5/31 06:01,56
2024/5/31 06:03,55
2024/5/31 06:15,55
2024/5/31 06:16,55
2024/5/31 06:30,55
2024/5/31 06:31,56
2024/5/31 06:33,56
2024/5/31 06:45,59
2024/5/31 06:46,62
2024/5/31 07:00,62
2024/5/31 07:01,63
2024/5/31 07:03,63
2024/5/31 07:15,61
2024/5/31 07:16,62
2024/5/31 07:30,63
2024/5/31 07:31,62
2024/5/31 07:33,61
2024/5/31 07:35,60
2024/5/31 07:45,59
2024/5/31 07:46,58
2024/5/31 08:00,58
2024/5/31 08:01,57
2024/5/31 08:03,55
2024/5/31 08:15,54
2024/5/31 08:16,54
2024/5/31 08:30,58
2024/5/31 08:31,65
2024/5/31 08:33,66
2024/5/31 08:45,69
2024/5/31 08:46,68
2024/5/31 09:00,64
2024/5/31 09:01,66
2024/5/31 09:03,79
2024/5/31 09:06,72
2024/5/31 09:07,78
2024/5/31 09:09,87
2024/5/31 09:15,93
2024/5/31 09:16,92
2024/5/31 09:30,88
2024/5/31 09:31,81
2024/5/31 09:45,78
2024/5/31 09:46,76
2024/5/31 10:00,79
2024/5/31 10:01,82
2024/5/31 10:15,85
2024/5/31 10:16,87
2024/5/31 10:30,83
2024/5/31 10:31,80
2024/5/31 10:45,79
2024/5/31 10:46,79
2024/5/31 11:00,84
2024/5/31 11:01,88
2024/5/31 11:15,88
2024/5/31 11:16,91
2024/5/31 11:30,88
2024/5/31 11:31,85
2024/5/31 11:45,83
2024/5/31 11:46,81
2024/5/31 12:00,80
2024/5/31 12:01,80
2024/5/31 12:15,80
2024/5/31 12:16,78
2024/5/31 12:30,74
2024/5/31 12:31,72
2024/5/31 12:45,71
2024/5/31 12:46,72
2024/5/31 13:15,73
2024/5/31 13:16,76
2024/5/31 13:27,75
2024/5/31 13:28,75
2024/5/31 13:45,77
2024/5/31 13:46,77
2024/5/31 14:00,77
2024/5/31 14:01,78
2024/5/31 14:15,79
2024/5/31 14:16,82
2024/5/31 14:18,79
2024/5/31 14:19,79
2024/5/31 14:30,76
2024/5/31 14:31,72
2024/5/31 14:33,84
2024/5/31 14:45,75
2024/5/31 14:46,76
2024/5/31 15:00,76
2024/5/31 15:01,78
2024/5/31 15:30,77
2024/5/31 15:31,79
2024/5/31 16:00,82
2024/5/31 16:01,85
2024/5/31 16:15,86
2024/5/31 16:16,85
2024/5/31 16:30,86
2024/5/31 16:31,84
2024/5/31 17:15,84
2024/5/31 17:16,83
2024/5/31 17:30,80
2024/5/31 17:31,77
2024/5/31 19:30,74
2024/5/31 19:31,69
2024/5/31 19:34,72
2024/5/31 19:35,81
2024/5/31 19:45,82
2024/5/31 19:46,81
2024/5/31 20:00,69
2024/5/31 20:01,64
2024/5/31 20:15,66
2024/5/31 20:16,64
2024/5/31 20:30,71
2024/5/31 20:31,78
2024/5/31 20:33,70
2024/5/31 20:46,81
2024/5/31 21:00,84
2024/5/31 21:01,83
2024/5/31 21:15,80
2024/5/31 21:16,80
2024/5/31 21:30,82
2024/5/31 21:31,82
2024/5/31 21:45,80
2024/5/31 21:46,81
2024/5/31 22:00,78
2024/5/31 22:01,76
2024/5/31 22:15,79
2024/5/31 22:16,78
2024/5/31 22:45,78
2024/5/31 22:46,77
2024/5/31 23:00,73
2024/5/31 23:33,60
2024/5/31 23:45,68
2024/5/31 23:46,66
2024/6/1 00:15,66
2024/6/1 00:16,67
2024/6/1 00:31,66
2024/6/1 00:46,66
2024/6/1 01:00,63
2024/6/1 01:01,61
2024/6/1 01:15,59
2024/6/1 01:16,59
2024/6/1 01:30,59
2024/6/1 01:31,57
2024/6/1 01:38,58
2024/6/1 01:45,57
2024/6/1 01:46,57
2024/6/1 02:00,56
2024/6/1 02:01,55
2024/6/1 02:03,56
2024/6/1 02:15,54
2024/6/1 02:16,53
2024/6/1 02:30,54
2024/6/1 02:31,54
2024/6/1 02:45,57
2024/6/1 02:46,56
2024/6/1 03:00,54
2024/6/1 03:01,52
2024/6/1 03:03,52
2024/6/1 03:15,52
2024/6/1 03:16,52
2024/6/1 03:30,51
2024/6/1 03:31,50
2024/6/1 03:38,49
2024/6/1 03:45,50
2024/6/1 03:46,50
2024/6/1 04:00,49
2024/6/1 04:01,48
2024/6/1 04:03,49
2024/6/1 04:15,47
2024/6/1 04:16,47
2024/6/1 04:30,50
2024/6/1 04:31,52
2024/6/1 04:33,56
2024/6/1 04:45,58
2024/6/1 04:46,58
2024/6/1 05:00,56
2024/6/1 05:01,55
2024/6/1 05:03,54
2024/6/1 05:15,53
2024/6/1 05:16,54
2024/6/1 05:30,53
2024/6/1 05:31,51
2024/6/1 05:33,51
2024/6/1 05:45,50
2024/6/1 05:46,51
2024/6/1 06:00,52
2024/6/1 06:08,52
2024/6/1 06:15,51
2024/6/1 06:16,49
2024/6/1 06:30,49
2024/6/1 06:31,48
2024/6/1 06:33,50
2024/6/1 06:46,49
2024/6/1 07:00,50
2024/6/1 07:01,51
2024/6/1 07:03,50
2024/6/1 07:15,54
2024/6/1 07:16,55
2024/6/1 07:29,56
2024/6/1 07:30,56
2024/6/1 07:33,57
2024/6/1 07:45,57
2024/6/1 07:46,56
2024/6/1 08:00,55
2024/6/1 08:01,52
2024/6/1 08:03,51
2024/6/1 08:15,55
2024/6/1 08:16,55
2024/6/1 08:30,55
2024/6/1 08:31,54
2024/6/1 08:33,49
2024/6/1 08:45,48
2024/6/1 08:46,49
2024/6/1 09:00,49
2024/6/1 09:01,50
2024/6/1 09:03,51
2024/6/1 09:15,53
2024/6/1 09:16,54
2024/6/1 09:30,56
2024/6/1 09:31,57
2024/6/1 09:33,58
2024/6/1 09:45,57
2024/6/1 09:46,56
2024/6/1 10:00,55
2024/6/1 10:01,54
2024/6/1 10:03,55
2024/6/1 10:15,56
2024/6/1 10:16,56
2024/6/1 10:30,58
2024/6/1 10:31,59
2024/6/1 10:33,65
2024/6/1 11:00,73
2024/6/1 11:01,80
2024/6/1 11:03,71
2024/6/1 11:15,82
2024/6/1 11:16,81
2024/6/1 11:30,78
2024/6/1 11:31,75
2024/6/1 11:35,76
2024/6/1 11:36,75
2024/6/1 11:45,75
2024/6/1 11:46,74
2024/6/1 12:01,78
2024/6/1 12:02,83
2024/6/1 12:15,87
2024/6/1 12:16,92
2024/6/1 12:30,93
2024/6/1 12:31,93
2024/6/1 12:45,88
2024/6/1 12:46,82
2024/6/1 13:00,83
2024/6/1 13:01,83
2024/6/1 13:15,81
2024/6/1 13:16,77
2024/6/1 13:17,72
2024/6/1 13:18,72
2024/6/1 13:31,75
2024/6/1 13:45,82
2024/6/1 13:46,87
2024/6/1 14:00,80
2024/6/1 14:01,75
2024/6/1 14:15,73
2024/6/1 14:16,71
2024/6/1 14:30,77
2024/6/1 14:31,83
2024/6/1 14:45,83
2024/6/1 14:46,82
2024/6/1 15:01,78
2024/6/1 21:15,80
2024/6/1 21:16,83
2024/6/1 21:30,83
2024/6/1 21:31,87
2024/6/1 21:45,83
2024/6/1 21:46,81
2024/6/1 22:00,80
2024/6/1 22:01,81
2024/6/1 22:15,85
2024/6/1 22:16,89
2024/6/1 22:30,88
2024/6/1 22:31,89
2024/6/1 23:00,84
2024/6/1 23:01,80
2024/6/1 23:15,79
2024/6/1 23:16,75
2024/6/1 23:30,73
2024/6/1 23:31,71
2024/6/1 23:45,72
2024/6/1 23:46,73
2024/6/2 00:00,71
2024/6/2 00:01,69
2024/6/2 00:08,67
2024/6/2 00:09,66
2024/6/2 00:13,72
2024/6/2 00:30,66
2024/6/2 00:31,67
2024/6/2 00:37,67
2024/6/2 00:45,67
2024/6/2 00:46,68
2024/6/2 01:00,70
2024/6/2 01:01,72
2024/6/2 01:15,71
2024/6/2 01:16,69
2024/6/2 01:30,68
2024/6/2 01:31,68
2024/6/2 01:45,68
2024/6/2 01:46,68
2024/6/2 02:00,68
2024/6/2 02:01,68
2024/6/2 02:03,66
2024/6/2 02:15,64
2024/6/2 02:16,62
2024/6/2 02:30,60
2024/6/2 02:31,60
2024/6/2 02:33,56
2024/6/2 02:39,62
2024/6/2 02:45,61
2024/6/2 02:46,61
2024/6/2 03:00,59
2024/6/2 03:01,57
2024/6/2 03:15,54
2024/6/2 03:16,53
2024/6/2 03:30,52
2024/6/2 03:31,51
2024/6/2 03:33,54
2024/6/2 03:35,56
2024/6/2 03:46,59
2024/6/2 04:00,59
2024/6/2 04:01,57
2024/6/2 04:03,55
2024/6/2 04:15,52
2024/6/2 04:16,53
2024/6/2 04:30,53
2024/6/2 04:31,53
2024/6/2 04:33,54
2024/6/2 04:45,53
2024/6/2 04:46,52
2024/6/2 05:00,51
2024/6/2 05:01,50
2024/6/2 05:03,51
2024/6/2 05:06,51
2024/6/2 05:07,51
2024/6/2 05:15,56
2024/6/2 05:16,55
2024/6/2 05:30,56
2024/6/2 05:31,58
2024/6/2 05:33,56
2024/6/2 05:45,59
2024/6/2 05:46,60
2024/6/2 06:00,58
2024/6/2 06:01,57
2024/6/2 06:03,56
2024/6/2 06:15,56
2024/6/2 06:16,57
2024/6/2 06:30,57
2024/6/2 06:31,55
2024/6/2 06:33,54
2024/6/2 06:45,54
2024/6/2 06:46,54
2024/6/2 07:00,55
2024/6/2 07:01,59
2024/6/2 07:15,59
2024/6/2 07:16,60
2024/6/2 07:30,58
2024/6/2 07:31,54
2024/6/2 07:33,56
2024/6/2 07:45,56
2024/6/2 07:46,56
2024/6/2 08:00,57
2024/6/2 08:01,59
2024/6/2 08:03,60
2024/6/2 08:09,64
2024/6/2 08:15,69
2024/6/2 08:16,72
2024/6/2 08:35,73
2024/6/2 08:36,71
2024/6/2 08:40,72
2024/6/2 08:41,75
2024/6/2 08:45,77
2024/6/2 08:46,80
2024/6/2 09:00,83
2024/6/2 09:01,83
2024/6/2 09:15,87
2024/6/2 09:16,88
2024/6/2 10:38,88
2024/6/2 10:39,91
2024/6/2 10:45,86
2024/6/2 10:46,83
2024/6/2 11:00,83
2024/6/2 11:01,79
2024/6/2 11:30,81
2024/6/2 11:31,83
2024/6/2 11:45,84
2024/6/2 11:46,85
2024/6/2 12:00,85
2024/6/2 12:01,82
2024/6/2 12:15,79
2024/6/2 12:16,78
2024/6/2 12:30,78
2024/6/2 12:31,77
2024/6/2 12:45,76
2024/6/2 12:46,72
2024/6/2 13:00,69
2024/6/2 13:01,67
2024/6/2 13:15,70
2024/6/2 13:16,75
2024/6/2 13:30,76
2024/6/2 13:45,85
2024/6/2 13:46,91
2024/6/2 14:00,86
2024/6/2 14:01,89
2024/6/2 14:14,81
2024/6/2 14:15,76
2024/6/2 14:30,78
2024/6/2 14:31,80
2024/6/2 14:45,80
2024/6/2 14:46,74
2024/6/2 15:00,74
2024/6/2 15:01,70
2024/6/2 15:15,73
2024/6/2 15:16,78
2024/6/2 15:30,79
2024/6/2 15:31,84
2024/6/2 15:45,78
2024/6/2 15:46,75
2024/6/2 16:00,76
2024/6/2 16:01,76
2024/6/2 16:15,80
2024/6/2 16:30,79
2024/6/2 16:31,77
2024/6/2 16:45,69
2024/6/2 16:46,67
2024/6/2 17:00,67
2024/6/2 17:01,69
2024/6/2 17:15,73
2024/6/2 17:16,78
2024/6/2 17:30,77
2024/6/2 17:31,79
2024/6/2 17:45,77
2024/6/2 17:46,73
2024/6/2 17:53,72
2024/6/2 17:58,70
2024/6/2 17:59,71
2024/6/2 18:00,71
2024/6/2 18:01,73
2024/6/2 18:15,71
2024/6/2 18:16,71
2024/6/2 18:31,75
2024/6/2 18:45,76
2024/6/2 18:46,81
2024/6/2 19:00,82
2024/6/2 19:01,80
2024/6/2 19:15,78
2024/6/2 19:16,75
2024/6/2 19:28,73
2024/6/2 19:33,71
2024/6/2 19:34,73
2024/6/2 19:46,70
2024/6/2 19:47,67
2024/6/2 20:00,66
2024/6/2 20:01,63
2024/6/2 20:11,72
2024/6/2 20:12,81
2024/6/2 20:16,84
2024/6/2 20:30,94
2024/6/2 20:31,95
2024/6/2 20:32,98
2024/6/2 20:46,102
2024/6/2 20:48,101
2024/6/2 21:00,92
2024/6/2 21:15,83
2024/6/2 21:16,81
2024/6/2 21:30,81
2024/6/2 21:31,92
2024/6/2 21:45,104
2024/6/2 21:46,113
2024/6/2 22:00,109
2024/6/2 22:01,103
2024/6/2 22:15,90
2024/6/2 22:16,76
2024/6/2 23:00,80
2024/6/2 23:01,84
2024/6/2 23:15,92
2024/6/2 23:16,100
2024/6/2 23:30,98
2024/6/2 23:31,96
2024/6/2 23:45,96
2024/6/2 23:46,96
